No.	蜊倩ｪ・蜩∬ｩ・諢丞袖	逕ｨ萓・霑ｽ蜉
1	a	蜀	荳縺､縺ｮ縲∽ｸ莠ｺ縺ｮ	a book / a girl	
2	able	蠖｢	繝ｻ繝ｻ繝ｻ縺吶ｋ縺薙→縺後〒縺阪ｋ	be able to speak English 	
3	about	蜑阪・蜑ｯ	繝ｻ繝ｻ繝ｻ縺ｫ縺､縺・※・医・・峨√・繝ｻ繝ｻ縺ｫ髢｢縺励※縲√・繝ｻ繝ｻ縺ｫ髢｢縺吶ｋ縲√♀繧医◎縲∫ｴ・ｽ・talk about music / about 40 students	
4	above	蜑・繝ｻ繝ｻ繝ｻ縺ｮ荳翫↓・医・・峨 窶ｻ謗･隗ｦ縺帙★縺ｫ繧医ｊ鬮倥＞菴咲ｽｮ縺ｫ縺ゅｋ縺薙→繧定ｨ縺・・above your head	
5	abroad	蜑ｯ	螟門嵜縺ｫ・医∈縲√〒・峨∵ｵｷ螟悶↓・医∈縲√〒・・study abroad	
6	accept	蜍・繝ｻ繝ｻ繝ｻ繧貞女縺大・繧後ｋ縲√・繝ｻ繝ｻ繧貞女縺大叙繧九√・繝ｻ繝ｻ繧呈価隲ｾ縺吶ｋ	accept a present	
7	accident	蜷・莠区腐縲∫⊃髮｣縲∵腐髫・have an accident	
8	according to		繝ｻ繝ｻ繝ｻ縺ｫ繧医ｌ縺ｰ	according to his report	
9	across	蜑・繝ｻ繝ｻ繝ｻ繧呈ｨｪ蛻・▲縺ｦ縲√・繝ｻ繝ｻ繧呈ｸ｡縺｣縺ｦ	walk across the street	
10	act	蜍・陦悟虚縺吶ｋ縲√・繧九∪縺・act quickly	
11	action	蜷・陦悟虚縲∬｡檎ぜ	a plan of action	
12	active	蠖｢	豢ｻ蜍慕噪縺ｪ	an active woman	
13	activity	蜷・豢ｻ蜍・a club activity	
14	actor	蜷・菫ｳ蜆ｪ縲∫塙蜆ｪ・育塙螂ｳ繧貞撫繧上★逕ｨ縺・ｋ縺後∫塙蜆ｪ繧偵＆縺吝ｴ蜷医′螟壹＞・・a kabuki actor	
15	actress	蜷・螂ｳ蜆ｪ	a good actress	
16	actually	蜑ｯ	譛ｬ蠖薙↓縲∝ｮ滄圀縺ｫ縺ｯ	She didn't actually say that.	
17	add	蜍・繝ｻ繝ｻ繝ｻ繧貞刈縺医ｋ	add some water	
18	addition	蜷・霑ｽ蜉	in addition ・亥刈縺医※・・
19	address	蜷・菴乗園	my address	
20	adult	蜷・螟ｧ莠ｺ縲∵・莠ｺ	become an adult	
21	advantage	蜷・蛻ｩ轤ｹ縲・聞謇	have a big advantage	
22	adventure	蜷・蜀帝匱	read the story about her adventure	
23	advice	蜷・蠢蜻翫√い繝峨ヰ繧､繧ｹ	give advice to her	
24	afraid	蠖｢	(be afraid of / be afraid that )諱舌ｌ縺ｦ縺・ｋ縲	Some people are afraid of dark places./ I'm afraid that it will rain.	笳・
25	Africa	蜷・繧｢繝輔Μ繧ｫ	go to Africa	
26	after	蜑・繝ｻ繝ｻ繝ｻ縺ｮ縺ゅ→縺ｫ・医〒・峨√・繝ｻ繝ｻ縺励※縺九ｉ	after dinner	
27	after	謗･	繝ｻ繝ｻ繝ｻ縺励◆縺ゅ→縺ｧ	after I ate dinner	
28	afternoon	蜷・蜊亥ｾ・in the afternoon	
29	again	蜑ｯ	繧ゅ≧荳蠎ｦ	see him again	
30	against	蜑・繝ｻ繝ｻ繝ｻ縺ｫ蜿榊ｯｾ縺励※縲√・繝ｻ繝ｻ縺ｫ蜿阪＠縺ｦ縲√・繝ｻ繝ｻ縺ｫ蟇ｾ縺励※	against his advice	
31	age	蜷・蟷ｴ鮨｢縲∝ｹｴ	different ages	
32	ago	蜑ｯ	・井ｻ翫°繧会ｼ峨・繝ｻ繝ｻ蜑阪↓	five years ago	
33	agree	蜍・雉帶・縺吶ｋ	agree with her	
34	air	蜷・遨ｺ豌・fresh air	
35	airport	蜷・遨ｺ貂ｯ	arrive at the airport	
36	all	蠖｢	縺吶∋縺ｦ縺ｮ	all the students	
37	all	莉｣	繝ｻ繝ｻ繝ｻ縺ｮ縺吶∋縺ｦ縲∝・蜩｡縲∝・驛ｨ	All of the students窶ｦ	
38	all	蜑ｯ	縺ｾ縺｣縺溘￥縲√☆縺｣縺九ｊ	That's all right.	
39	allow	蜍・・茨ｽ槭↓・峨・繝ｻ繝ｻ縺吶ｋ縺ｮ繧定ｨｱ縺呻ｼ郁ｨｱ蜿ｯ縺吶ｋ・・allow him to study abroad	
40	almost	蜑ｯ	縺ｻ縺ｨ繧薙←	almost all of them	
41	alone	蜑ｯ	縺溘□・台ｺｺ縺ｧ	go home alone	
42	along	蜑・繝ｻ繝ｻ繝ｻ縺ｫ豐ｿ縺｣縺ｦ	walk along the street	
43	already	蜑ｯ	縺吶〒縺ｫ縲√ｂ縺・have already cleaned the room	
44	also	蜑ｯ	繝ｻ繝ｻ繝ｻ繧ゅ∪縺・Tom and also Jim	
45	although	謗･	繝ｻ繝ｻ繝ｻ縺縺代ｌ縺ｩ繧ゅ√・繝ｻ繝ｻ縺ｫ繧ゅ°縺九ｏ繧峨★	Although it is raining, ...	
46	always	蜑ｯ	縺・▽繧ゅ∝ｸｸ縺ｫ	She always drinks tea in the morning.	
47	am	蜍・・・e縺ｮ荳莠ｺ遘ｰ繝ｻ蜊俶焚繝ｻ迴ｾ蝨ｨ蠖｢・・"Are you happy?" "Yes, I am."	
48	a.m.	蜑ｯ	蜊亥燕	at 9 a.m.	
49	amazing	蠖｢	縺ｳ縺｣縺上ｊ縺吶ｋ繧医≧縺ｪ縲∽ｿ｡縺倥ｉ繧後↑縺・⊇縺ｩ縺ｮ	have an amazing experience	
50	America	蜷・繧｢繝｡繝ｪ繧ｫ・亥粋陦・嵜・・go to America	
51	American	蜷阪・蠖｢	繧｢繝｡繝ｪ繧ｫ莠ｺ・医・・峨√い繝｡繝ｪ繧ｫ・亥粋陦・嵜・峨・	She is an American. / American people	
52	among	蜑・・茨ｼ謎ｺｺ繝ｻ・薙▽莉･荳奇ｼ峨・髢薙↓	among the trees	
53	an	蜀	荳縺､縺ｮ縲∽ｸ莠ｺ縺ｮ縲窶ｻ豈埼浹縺ｧ蟋九∪繧句腰隱槭・蜑阪〒逕ｨ縺・ｋ縲・an egg / an active boy	
54	and	謗･	繝ｻ繝ｻ繝ｻ縺ｨ・医ｄ・会ｽ槭√◎縺励※	study Japanese and English	
55	angry	蠖｢	諤偵▲縺ｦ縲∬・繧偵◆縺ｦ縺ｦ	I am angry with him.	
56	animal	蜷・蜍慕黄	small animals	
57	another	蠖｢	繧ゅ≧荳縺､・井ｸ莠ｺ・峨・	have another chance	
58	answer	蜍・繝ｻ繝ｻ繝ｻ縺ｫ遲斐∴繧・answer a question	
59	answer	蜷・遲斐∴	write an answer to him	
60	any	蠖｢	・育桝蝠乗枚縺ｧ・峨＞縺上▽縺九・ｼ亥凄螳壽枚縺ｧ・我ｽ輔ｂ・医・繝ｻ繝ｻ縺ｪ縺・ｼ峨・ｼ郁け螳壽枚縺ｧ・峨←繧薙↑繝ｻ繝ｻ繝ｻ縺ｧ繧・don't have any pens / I listen to any kind of music.	
61	anyone	莉｣	・郁け螳壽枚縺ｧ・芽ｪｰ縺ｧ繧ゅ・ｼ亥凄螳壽枚縺ｧ・芽ｪｰ繧ゅ・ｼ育桝蝠乗枚縺ｧ・芽ｪｰ縺・Is anyone going to answer?	
62	anything	莉｣	・亥凄螳壽枚縺ｧ・我ｽ輔ｂ繝ｻ繝ｻ繝ｻ縺ｪ縺・・ｼ育桝蝠乗枚縺ｧ・我ｽ輔°	I didn't say anything.	
63	anywhere	蜑ｯ	・亥凄螳夂噪譁・ц縺ｧ・峨←縺薙↓・医∈・峨ｂ繝ｻ繝ｻ繝ｻ縺ｪ縺・・ｼ郁け螳壽枚縺ｧ・峨←縺薙〒縺ｧ繧ゅ√←縺薙∈縺ｧ繧・I'm not going anywhere today.	
64	appear	蜍・迴ｾ繧後ｋ	appear on the stage	
65	apple	蜷・繧翫ｓ縺・eat an apple	
66	April	蜷・・疲怦	in April	
67	are	蜍・・・e縺ｮ莠御ｺｺ遘ｰ繝ｻ蜊俶焚・郁､・焚・峨・迴ｾ蝨ｨ蠖｢縲∝所縺ｳ縺昴ｌ莉･螟悶・莠ｺ遘ｰ縺ｮ隍・焚迴ｾ蝨ｨ蠖｢・・We are happy.	
68	area	蜷・蝨ｰ蝓溘・ｼ育音螳壹・豢ｻ蜍輔ｒ縺吶ｋ・牙ｴ謇	in this area	
69	arm	蜷・閻・my left arm	
70	around	蜑・繝ｻ繝ｻ繝ｻ縺ｮ縺ｾ繧上ｊ縺ｫ	sit around a table	
71	arrive	蜍・蛻ｰ逹縺吶ｋ縲∫捩縺・arrive at the station	
72	art	蜷・鄒手｡薙∬敢陦・a museum of art	
73	artist	蜷・闃ｸ陦灘ｮｶ	a famous artist	
74	as	蜑ｯ繝ｻ謗･	・域ｯ碑ｼ・ｼ峨・繝ｻ繝ｻ縺ｨ蜷後§縺上ｉ縺・He is as tall as I.	
75	as	蜑・繝ｻ繝ｻ繝ｻ縺ｨ縺励※	as a leader	
76	Asia	蜷・繧｢繧ｸ繧｢・亥､ｧ髯ｸ・・in Asia	
77	ask	蜍・竭・茨ｽ槭↓・峨・繝ｻ繝ｻ繧偵◆縺壹・繧九≫贈・茨ｽ槭↓・峨・繝ｻ繝ｻ縺吶ｋ繧医≧縺ｫ鬆ｼ繧・・o繝ｻ繝ｻ繝ｻ・・竭ask his name縲竭｡ask him to help me	
78	astronaut	蜷・螳・ｮ咎｣幄｡悟｣ｫ	want to be an astronaut	
79	at	蜑・竭・亥ｴ謇縲∽ｽ咲ｽｮ・峨・繝ｻ繝ｻ縺ｫ・医〒・峨√・繝ｻ繝ｻ縺ｮ縺ｨ縺薙ｍ縺ｫ縲竭｡・域凾蛻ｻ・峨・繝ｻ繝ｻ縺ｫ	竭meet them at the station縲竭｡at nine o'clock	
80	attention	蜷・豕ｨ諢上・未蠢・pay attention to窶ｦ	
81	August	蜷・・俶怦	in August	
82	aunt	蜷・縺翫・	see my aunt	
83	Australia	蜷・繧ｪ繝ｼ繧ｹ繝医Λ繝ｪ繧｢・亥､ｧ髯ｸ・・go to Australia	
84	Australian	蠖｢	繧ｪ繝ｼ繧ｹ繝医Λ繝ｪ繧｢・井ｺｺ・峨・	Australian friend	
85	autumn	蜷・遘・in autumn	
86	away	蜑ｯ	・育ｧｻ蜍輔∵婿蜷托ｼ蛾屬繧後※	go away from here	
87	baby	蜷・襍､縺｡繧・ｓ	a happy baby	
88	back	蜑ｯ	蠕後ｍ縺ｸ縲∵綾縺｣縺ｦ縲∝ｸｰ縺｣縺ｦ	come back here	
89	back	蜷・閭御ｸｭ	the back of a book	
90	bad	蠖｢	謔ｪ縺・縲頑ｴｻ逕ｨ縲仇orse-worst	a bad boy	
91	bag	蜷・縺九・繧・a black bag	
92	ball	蜷・繝懊・繝ｫ	play with a ball	
93	banana	蜷・繝舌リ繝・eat a banana	
94	barrier	蜷・髫懷｣√・髫懷ｮｳ	a language barrier	
95	baseball	蜷・驥守帥	play baseball	
96	basketball	蜷・繝舌せ繧ｱ繝・ヨ繝懊・繝ｫ	play basketball	
97	bath	蜷・蜈･豬ｴ縲∵ｵｴ螳､繝ｻ鬚ｨ蜻ょｴ	take a bath	
98	be	蜍・・槭〒縺ゅｋ縲√＞繧九√≠繧九縲頑ｴｻ逕ｨ縲仇as,were-been	Be quiet.	
99	beach	蜷・遐よｵ懊・豬懆ｾｺ繝ｻ豬ｷ蟯ｸ	go to the beach	
100	bean	蜷・雎・coffee beans	
101	bear	蜷・辭・a brown bear	
102	beautiful	蠖｢	鄒弱＠縺・a beautiful picture	
103	beauty	蜷・鄒弱＠縺輔・鄒・beauty of the sea	
104	because	謗･	・育炊逕ｱ繧・次蝗繧定ｪｬ譏弱＠縺ｦ・峨・繝ｻ繝ｻ縺縺九ｉ縲√↑縺懊↑繧峨・繝ｻ繝ｻ繝ｻ	because it is sunny	
105	become	蜍・繝ｻ繝ｻ繝ｻ縺ｫ縺ｪ繧九縲頑ｴｻ逕ｨ縲誼ecame-become	become a teacher	
106	bed	蜷・繝吶ャ繝・get out of bed	
107	before	蜑・繝ｻ繝ｻ繝ｻ縺ｮ蜑阪↓縲√・繝ｻ繝ｻ繧医ｊ繧ょ燕縺ｫ縲√・繝ｻ繝ｻ蜑阪↓	before the exam	
108	before	謗･	繝ｻ繝ｻ繝ｻ縺吶ｋ蜑阪↓	before you arrive at the station	
109	begin	蜍・繝ｻ繝ｻ繝ｻ繧貞ｧ九ａ繧九√・繝ｻ繝ｻ繧偵＠蟋九ａ繧具ｼ・o繝ｻ繝ｻ繝ｻ縲√・繝ｻ繝ｻing)縲・蟋九∪繧・ 縲頑ｴｻ逕ｨ縲誼egan-begun	begin to walk	
110	behind	蜑・繝ｻ繝ｻ繝ｻ縺ｮ蠕後ｍ縺ｫ・医〒・・behind the trees	
111	believe	蜍・繝ｻ繝ｻ繝ｻ繧剃ｿ｡縺倥ｋ縲・菫｡縺倥※縺・ｋ	believe him	
112	below	蜑ｯ	荳九↓・医∈縲√ｒ・峨∽ｸ玖ｨ倥↓	See the questions below.	
113	beside	蜑・繝ｻ繝ｻ繝ｻ縺ｮ縺昴・縺ｫ・医・・・beside the door	
114	between	蜑・繝ｻ繝ｻ繝ｻ縺ｮ髢薙↓・医〒縲√ｒ縲√・・・between A and B	
115	big	蠖｢	螟ｧ縺阪＞	live in a big city	
116	bike	蜷・閾ｪ霆｢霆・go by bike	
117	bird	蜷・魑･	find a beautiful bird	
118	birthday	蜷・隱慕函譌･	Today is his birthday.	
119	black	蜷阪・蠖｢	鮟抵ｼ医・・峨・鮟定牡・医・・峨・ｻ偵＞	find a black box	
120	blank	蜷・遨ｺ逋ｽ繝ｻ菴咏區繝ｻ遨ｺ謇	fill in the blanks	
121	blossom	蜷・闃ｱ	cherry blossoms	
122	blow	蜍・・磯｢ｨ縺鯉ｼ牙聖縺上・繝ｻ繝ｻ繝ｻ繧貞聖縺榊虚縺九☆縲縲頑ｴｻ逕ｨ縲誼lew-blown	The wind is blowing.	
123	blue	蜷阪・蠖｢	髱抵ｼ医・・峨・髱定牡・医・・峨・搨縺・the blue sky	
124	boat	蜷・繝懊・繝医・闊ｹ	go by boat	
125	body	蜷・縺九ｉ縺	a human body	
126	bomb	蜷・辷・ｼｾ	a time bomb	
127	book	蜷・譛ｬ	an English book	
128	bookstore	蜷・譖ｸ蠎・go to a bookstore	
129	bored	蠖｢	騾螻医＠縺・I am bored.	
130	boring	蠖｢	・井ｺｺ繧抵ｼ峨≧繧薙＊繧奇ｼ磯螻茨ｼ峨＆縺帙ｋ縲・螻医↑	a boring story	
131	born	蜍・逕溘∪繧後ｋ・・e born・峨窶ｻ蜍戊ｩ枌ear縺ｮ驕主悉蛻・ｩ槫ｽ｢	A baby was born.	
132	borrow	蜍・繝ｻ繝ｻ繝ｻ繧貞溘ｊ繧・borrow a pencil	
133	both	蠖｢	荳｡譁ｹ縺ｮ	both ways	
134	both	莉｣	荳｡譁ｹ	Both are OK.	
135	both	蜑ｯ	荳｡譁ｹ縺ｨ繧・both A and B	
136	bottle	蜷・縺ｳ繧薙・繝懊ヨ繝ｫ	a red bottle	
137	box	蜷・邂ｱ	open a box	
138	boy	蜷・蟆大ｹｴ	a tall boy	
139	bread	蜷・繝代Φ	eat bread	
140	break	蜍・繝ｻ繝ｻ繝ｻ繧貞｣翫☆縲・螢翫ｌ繧九縲頑ｴｻ逕ｨ縲誼roke-broken	break the window	
141	breakfast	蜷・譛晞｣・have breakfast	
142	bridge	蜷・讖・a big bridge	
143	bright	蠖｢	霈昴＞縺ｦ縺・ｋ繝ｻ蜈峨▲縺ｦ縺・ｋ縲∵・繧九＞	the bright sun	
144	bring	蜍・繝ｻ繝ｻ繝ｻ繧呈戟縺｣縺ｦ縺上ｋ縲√ｂ縺溘ｉ縺吶縲頑ｴｻ逕ｨ縲誼rought-brought	bring some flowers	
145	British	蠖｢	闍ｱ蝗ｽ縺ｮ	British people	
146	brother	蜷・蜈・ｼ溘∝・縲∝ｼ・I have two brothers.	
147	brown	蜷阪・蠖｢	闌ｶ濶ｲ・医・・・have a brown bag	
148	build	蜍・繝ｻ繝ｻ繝ｻ繧貞ｻｺ縺ｦ繧九・蟒ｺ遽会ｼ亥ｻｺ險ｭ縲∝ｻｺ騾・峨☆繧九縲頑ｴｻ逕ｨ縲誼uilt-built	build a house	
149	building	蜷・蟒ｺ迚ｩ繝ｻ蟒ｺ遽臥黄繝ｻ蟒ｺ騾迚ｩ繝ｻ繝薙Ν繝・ぅ繝ｳ繧ｰ	a new building	
150	burn	蜍・辯・∴繧九∫┥縺代ｋ縲・繝ｻ繝ｻ繝ｻ繧堤㏍繧・☆縲∫┥縺・The fire is burning.	
151	bus	蜷・繝舌せ	take a bus	
152	business	蜷・閨ｷ讌ｭ繝ｻ莉穂ｺ九・蝠・｣ｲ繝ｻ莠区･ｭ	start a business 	
153	busy	蠖｢	蠢吶＠縺・√↓縺弱ｄ縺九↑	I am busy with my homework.	
154	but	謗･	縺励°縺励√□縺後√￠繧後←繧・, but I don't want to go there.	
155	buy	蜍・繝ｻ繝ｻ繝ｻ繧定ｲｷ縺・縲頑ｴｻ逕ｨ縲誼ought-bought	buy a new dictionary	
156	by	蜑・繝ｻ繝ｻ繝ｻ縺ｮ縺昴・縺ｫ・医〒縲√・・峨√・繝ｻ繝ｻ縺ｫ繧医▲縺ｦ縲√・繝ｻ繝ｻ縺ｾ縺ｧ縺ｫ・医・・・by the window	
157	bye	髢・縺輔ｈ縺ｪ繧・Good bye.	
158	cafeteria	蜷・繧ｫ繝輔ぉ繝・Μ繧｢縲・｣溷・at the school cafeteria	
159	cake	蜷・繧ｱ繝ｼ繧ｭ	have tea and cakes	
160	call	蜍・竭繝ｻ繝ｻ繝ｻ縺ｫ髮ｻ隧ｱ繧偵°縺代ｋ縲竭｡繝ｻ繝ｻ繝ｻ繧抵ｼ茨ｽ槭→・牙他縺ｶ	竭call my friend  竭｡Please call me Masa.	
161	camera	蜷・繧ｫ繝｡繝ｩ	my father's camera	
162	can	蜉ｩ	竭・槭☆繧九％縺ｨ縺後〒縺阪ｋ縲竭｡・郁ｨｱ蜿ｯ・会ｽ槭＠縺ｦ繧ゅｈ縺・竭｢・井ｾ晞ｼ・峨・繝ｻ繝ｻ縺励※縺上ｌ縺ｾ縺吶° 縲頑ｴｻ逕ｨ縲議ould	竭I can speak English.縲竭｡Can I use your bike?  竭｢Can you open the door?	
163	Canada	蜷・繧ｫ繝翫ム	live in Canada	
164	cap	蜷・・育ｸ√↑縺励・・牙ｸｽ蟄舌・ｼ医・繧薙↑縺ｩ縺ｮ・峨く繝｣繝・・	wear a cap	
165	car	蜷・閾ｪ蜍戊ｻ翫∬ｻ・get in a car	
166	card	蜷・繧ｫ繝ｼ繝峨√・縺後″	receive a card	
167	care	蜷・荳冶ｩｱ縲∵ｳｨ諢上∫畑蠢・take care of sick people	
168	careful	蠖｢	豕ｨ諢乗ｷｱ縺・∫畑蠢・ｷｱ縺・Be careful.	
169	carefully	蜑ｯ	豕ｨ諢乗ｷｱ縺上∫畑蠢・ｷｱ縺・listen to her carefully	
170	carry	蜍・繝ｻ繝ｻ繝ｻ繧帝°縺ｶ	carry a bag	
171	case	蜷・竭蝣ｴ蜷医竭｡邂ｱ	竭in my case縲竭｡in the book case	
172	cat	蜷・縺ｭ縺・have a cat	
173	catch	蜍・繝ｻ繝ｻ繝ｻ繧呈黒縺ｾ縺医ｋ縲縲頑ｴｻ逕ｨ縲議aught-caught	catch a bird	
174	cause	蜍・繝ｻ繝ｻ繝ｻ縺ｮ蜴溷屏縺ｨ縺ｪ繧九√・繝ｻ繝ｻ繧貞ｼ輔″襍ｷ縺薙☆	cause the accident	
175	CD	蜷・・｣・､・医さ繝ｳ繝代け繝医ョ繧｣繧ｹ繧ｯ・・buy a CD	
176	celebrate	蜍・繝ｻ繝ｻ繝ｻ繧堤･昴≧	celebrate her birthday	
177	cellphone	蜷・謳ｺ蟶ｯ髮ｻ隧ｱ	use a cellphone	
178	centimeter	蜷・繧ｻ繝ｳ繝√Γ繝ｼ繝医Ν	five centimeters	
179	century	蜷・・台ｸ也ｴ縲・00蟷ｴ	in the 20th century	
180	chair	蜷・縺・☆	sit on a chair	
181	chance	蜷・螂ｽ讖溘√メ繝｣繝ｳ繧ｹ	have a chance to go to China	
182	change	蜍・繝ｻ繝ｻ繝ｻ繧貞､峨∴繧九√・繝ｻ繝ｻ繧貞叙繧翫°縺医ｋ縲・ｼ域恪繧抵ｼ臥捩縺後∴繧・change trains	
183	change	蜷・螟牙喧	a big change in Japanese history	
184	character	蜷・竭逋ｻ蝣ｴ莠ｺ迚ｩ縲竭｡蛟区ｧ縲∵ｧ譬ｼ	竭a main character in the movie  竭｡have a good character	
185	cheap	蠖｢	螳峨＞縲∝ｮ我ｾ｡縺ｪ	a cheap computer	
186	cheerful	蠖｢	譏弱ｋ縺・∝・豌励・縺ゅｋ	a cheerful boy	
187	cherry	蜷・竭譯懊竭｡繧ｵ繧ｯ繝ｩ繝ｳ繝・竭cherry blossom  竭｡eat a cherry 	
188	chicken	蜷・鮓剰ｉ	eat chicken on Christmas Eve	
189	child	蜷・蟄舌←繧・ 縲願､・焚縲議hildren	I lived in France when I was a child.	
190	China	蜷・荳ｭ蝗ｽ	live in China	
191	Chinese	蜷阪・蠖｢	荳ｭ蝗ｽ隱橸ｼ医・・峨∽ｸｭ蝗ｽ莠ｺ・医・・峨∽ｸｭ蝗ｽ縺ｮ	speak Chinese	
192	chocolate	蜷・繝√Ι繧ｳ繝ｬ繝ｼ繝・a box of chocolate	
193	choice	蜷・驕ｸ謚槭・∈縺ｶ縺薙→	a very difficult choice	
194	choose	蜍・繝ｻ繝ｻ繝ｻ繧帝∈縺ｶ縲縲頑ｴｻ逕ｨ縲議hose-chosen	choose the correct answer	
195	Christmas	蜷・繧ｯ繝ｪ繧ｹ繝槭せ	a present for Christmas	
196	church	蜷・謨吩ｼ・an old church	
197	city	蜷・蟶ゅ・・蟶ゅ・・莨・I live in a big city.	
198	class	蜷・謗域･ｭ縲∝ｭｦ邏壹・繧ｯ繝ｩ繧ｹ縺ｮ・峨∩縺ｪ縺輔ｓ	a history class	
199	classmate	蜷・蜷檎ｴ夂函縲√け繝ｩ繧ｹ繝｡繝ｼ繝・classmates in high school	
200	classroom	蜷・謨吝ｮ､	in a classroom	
201	clean	蜍・繝ｻ繝ｻ繝ｻ繧偵◎縺・§縺吶ｋ	clean our classroom	
202	clean	蠖｢	縺阪ｌ縺・↑縲∵ｸ・ｽ斐↑	a clean room	
203	clear	蠖｢	譎ｴ繧後◆縲√・縺｣縺阪ｊ縺励◆	a clear day	
204	clearly	蜑ｯ	譏弱ｉ縺九↓縲√・縺｣縺阪ｊ縺ｨ	speak clearly	
205	clerk	蜷・菫ょ藤縲∝ｺ怜藤	a convenience store clerk	
206	clever	蠖｢	縺九＠縺薙＞縲・ｭ縺後ｈ縺・a clever child	
207	climb	蜍・繝ｻ繝ｻ繝ｻ繧堤匳繧・climb Mt. Fuji	
208	clock	蜷・譎りｨ茨ｼ育ｽｮ譎りｨ医ｄ螢∵凾險医↑縺ｩ・・a clock on the wall	
209	close	蜍・繝ｻ繝ｻ繝ｻ繧帝哩縺倥ｋ縲・哩繧√ｋ	close the book	
210	close	蠖｢	霑代＞・・o 繝ｻ繝ｻ繝ｻ・・close to the station	
211	clothes	蜷・陦｣譛阪∫捩迚ｩ	put on my clothes	
212	cloud	蜷・髮ｲ	white clouds in the sky	
213	cloudy	蠖｢	縺上ｂ繧翫・	It is cloudy today.	
214	club	蜷・繧ｯ繝ｩ繝悶・Κ	a soccer club	
215	coach	蜷・竭繧ｳ繝ｼ繝√竭｡髟ｷ霍晞屬繝舌せ縲∝､ｧ蝙矩ｦｬ霆翫∝ｮ｢霆・竭a soccer coach縲竭｡go by coach	
216	coat	蜷・繧ｳ繝ｼ繝医∽ｸ顔捩	take off my coat	
217	coffee	蜷・繧ｳ繝ｼ繝偵・	make coffee	
218	cold	蠖｢	蟇偵＞縲∝・縺溘＞	The wind is very cold.	
219	cold	蜷・縺九●	have a cold	
220	collect	蜍・繝ｻ繝ｻ繝ｻ繧帝寔繧√ｋ縲∝庶髮・☆繧・collect postcards	
221	collection	蜷・髮・ａ繧九％縺ｨ縲∝庶髮・have a great CD collection	
222	college	蜷・螟ｧ蟄ｦ	go to college	
223	color	蜷・濶ｲ	the color of the sky	
224	colorful	蠖｢	濶ｲ魄ｮ繧・°縺ｪ縲∵ｴｾ謇九↑	find a colorful bird	
225	come	蜍・譚･繧九縲頑ｴｻ逕ｨ縲議ame-come	come home	
226	comic	蜷阪・蠖｢	・・omics縺ｧ・峨・繝ｳ繧ｬ縲√・繝ｳ繧ｬ縺ｮ	read comics	
227	communicate	蜍・・域э諤昴ｄ豌玲戟縺｡縺ｪ縺ｩ繧抵ｼ我ｼ昴∴蜷医≧	communicate with him	
228	communication	蜷・莨晞＃縲√さ繝溘Η繝九こ繝ｼ繧ｷ繝ｧ繝ｳ	communication between people	
229	company	蜷・莨夂､ｾ	work for a company	
230	compare	蜍・繝ｻ繝ｻ繝ｻ繧呈ｯ斐∋繧・compare the two dictionaries	
231	complain	蜍・荳榊ｹｳ繧定ｨ縺・complain about high prices	
232	complete	蜍・繝ｻ繝ｻ繝ｻ繧貞ｮ梧・縺輔○繧・complete the difficult job	
233	computer	蜷・繧ｳ繝ｳ繝斐Η繝ｼ繧ｿ	use a computer	
234	concert	蜷・繧ｳ繝ｳ繧ｵ繝ｼ繝・go to a piano concert	
235	conclusion	蜷・邨占ｫ・This is my conclusion.	
236	condition	蜷・迥ｶ諷九∵擅莉ｶ	in good condition	
237	confused	蠖｢	豺ｷ荵ｱ縺励◆縲√→縺ｾ縺ｩ縺｣縺・I was very confused.	
238	connect	蜍・繝ｻ繝ｻ繝ｻ繧堤ｵ舌・莉倥￠繧・This road connects Tokyo and Kyoto.	
239	content	蜷・蜀・ｮｹ	the content of her speech	
240	contest	蜷・隧ｦ蜷医∫ｫｶ謚縲√さ繝ｳ繝・せ繝・a speech contest	
241	continue	蜍・邯壹￥縲√・繝ｻ繝ｻ繧堤ｶ壹￠繧九√・繝ｻ繝ｻ繧偵＠邯壹￠繧具ｼ・o繝ｻ繝ｻ繝ｻ縲√・繝ｻ繝ｻing・・continue to study	
242	convenience	蜷・萓ｿ蛻ｩ	a convenience store	
243	convenient	蠖｢	萓ｿ蛻ｩ縺ｪ縲・・蜷医・繧医＞	a convenient time to meet	
244	conversation	蜷・莨夊ｩｱ縲√♀縺励ｃ縺ｹ繧・have a conversation 	
245	cook	蜍・繝ｻ繝ｻ繝ｻ繧呈侭逅・☆繧九∵侭逅・ｒ縺吶ｋ	cook dinner	
246	cool	蠖｢	豸ｼ縺励＞縲√°縺｣縺薙＞縺・a cool day	
247	corner	蜷・隗偵√さ繝ｼ繝翫・	at the corner of a street	
248	correct	蠖｢	豁｣縺励＞	choose the correct answer	
249	correspond to		繝ｻ繝ｻ繝ｻ縺ｫ蟇ｾ蠢懊☆繧九∝粋閾ｴ縺吶ｋ	Write the number which corresponds to your answer.	
250	cost	蜍・・磯≡鬘阪′・峨°縺九ｋ縲縲縲頑ｴｻ逕ｨ縲議ost-cost	cost 1000 yen	
251	costume	蜷・譛崎｣・∬｡｣陬・Japanese costume	
252	could	蜉ｩ	・・an縺ｮ驕主悉蠖｢・俄蔵繝ｻ繝ｻ繝ｻ縺吶ｋ縺薙→縺後〒縺阪◆縲竭｡繝ｻ繝ｻ繝ｻ縺励※縺・◆縺縺代∪縺帙ｓ縺・竭I could not see the movie yesterday. 竭｡Could you 窶ｦ?	笳・
253	could		竭｢・井ｻｮ螳壽ｳ輔〒・峨・繝ｻ繝ｻ縺ｧ縺阪◆繧峨・ｼ医ｂ縺暦ｽ槭↑繧会ｼ峨・繝ｻ繝ｻ縺ｧ縺阪ｋ縺ｮ縺ｫ	竭｢If I were a doctor, I could help many sick people.	
254	count	蜍・繝ｻ繝ｻ繝ｻ繧呈焚縺医ｋ	count the money	
255	country	蜷・蝗ｽ縲√＞縺ｪ縺・live in this country	
256	courage	蜷・蜍・ｰ・have the courage to窶ｦ	
257	course	蜷・騾ｲ霍ｯ縲∵婿蜷・change the course	
258	cover	蜍・繝ｻ繝ｻ繝ｻ繧偵♀縺翫≧	The mountain is covered with snow.	
259	crane	蜷・鮓ｴ	a crane flying in the sky	
260	crowded	蠖｢	縺薙ｓ縺ｧ縺・ｋ	The train is crowded with many people.	
261	cry	蜍・豕｣縺・A baby is crying.	
262	culture	蜷・譁・喧	Japanese culture	
263	cup	蜷・繧ｫ繝・・縲√き繝・・・第擶蛻・a cup of coffee	
264	curry	蜷・繧ｫ繝ｬ繝ｼ	make chicken curry	
265	custom	蜷・鄙呈・	an old custom	
266	cut	蜍・繝ｻ繝ｻ繝ｻ繧貞・繧九縲頑ｴｻ逕ｨ縲議ut-cut	cut the cake	
267	cute	蠖｢	縺九ｏ縺・＞	a cute doll	
268	dance	蜷・雕翫ｊ縲√ム繝ｳ繧ｹ	a traditional Japanese dance	
269	dance	蜍・雕翫ｋ	dance on the stage	
270	dancer	蜷・繝繝ｳ繧ｵ繝ｼ縲∬ｸ翫ｋ莠ｺ	a famous dancer	
271	danger	蜷・蜊ｱ髯ｺ縲∝些髯ｺ諤ｧ	There is a danger of窶ｦ	
272	dangerous	蠖｢	蜊ｱ髯ｺ縺ｪ	a dangerous place	
273	dark	蠖｢	證励＞	in a dark room	
274	date	蜷・譛域律縲∵律莉・What date is it today?	
275	daughter	蜷・螽・our daughter	
276	day	蜷・・第律縲∵律	every day	
277	dead	蠖｢	・井ｺｺ繝ｻ蜍慕黄縺鯉ｼ画ｭｻ繧薙□縲∵ｭｻ繧薙〒縺・ｋ	She is not dead.	
278	dear	蠖｢	隕ｪ諢帙↑繧九・繝ｻ繝ｻ	Dear Tom	
279	death	蜷・豁ｻ	after the death of his father	
280	December	蜷・・托ｼ呈怦	in December	
281	decide	蜍・繝ｻ繝ｻ繝ｻ縺吶ｋ縺薙→繧呈ｱｺ繧√ｋ縲√・繝ｻ繝ｻ縺励ｈ縺・→豎ｺ蠢・☆繧・decide to do it	
282	deep	蠖｢	竭・域ｰｴ縲∵ｱ縺ｪ縺ｩ縺鯉ｼ画ｷｱ縺・竭｡豺ｱ縺輔′繝ｻ繝ｻ繝ｻ縺ｮ	竭This lake is deep.  竭｡This lake is 30 meters deep.	
283	delicious	蠖｢	・磯｣溘∋迚ｩ縺ｪ縺ｩ縺鯉ｼ牙ｮ溘↓縺翫＞縺励＞	the most delicious food in the world	
284	department store	蜷・逋ｾ雋ｨ蠎・enjoy shopping in the department store	
285	depend	蜍・(depend on繝ｻ繝ｻ繝ｻ・峨・繝ｻ繝ｻ縺励□縺・〒縺ゅｋ	depend on you	
286	desk	蜷・譛ｺ	on a desk	
287	destroy	蜍・繝ｻ繝ｻ繝ｻ繧堤ｴ螢翫☆繧九・螢翫☆	destroy the building	
288	diary	蜷・譌･險・write a diary	
289	dictionary	蜷・霎樊嶌	buy a new dictionary	
290	die	蜍・豁ｻ縺ｬ	My bird died.	
291	difference	蜷・驕輔＞縲∫嶌驕慕せ	the difference between A and B	
292	different	蠖｢	逡ｰ縺ｪ繧九・＆縺・a different culture	
293	difficult	蠖｢	髮｣縺励＞縲∝峅髮｣縺ｪ	a difficult question	
294	difficulty	蜷・繧縺壹°縺励＆縲∝峅髮｣縲∬協蜉ｴ	find many difficulties	
295	dinner	蜷・繝・ぅ繝翫・縲・ｼ磯壻ｾ具ｼ牙､暮｣・after dinner	
296	disagree	蜍・蜿榊ｯｾ縺吶ｋ	disagree with him	
297	disappear	蜍・隕九∴縺ｪ縺上↑繧九・ｼ郁ｦ也阜縺九ｉ・画ｶ医∴繧・disappear into the dark room	
298	disaster	蜷・轣ｽ螳ｳ縲∵Κ莠・a natural disaster	
299	discover	蜍・繝ｻ繝ｻ繝ｻ繧堤匱隕九☆繧九・隕九▽縺代ｋ	discover new land	
300	dish	蜷・逧ｿ縲∵侭逅・my favorite dish	
301	distance	蜷・霍晞屬	a short distance	
302	do	蜍・繝ｻ繝ｻ繝ｻ繧偵☆繧九縲頑ｴｻ逕ｨ縲掬id-done	do my homework	
303	doctor	蜷・蛹ｻ閠・see the doctor	
304	dog	蜷・迥ｬ	have a dog	
305	doll	蜷・莠ｺ蠖｢	play with dolls	
306	dollar	蜷・繝峨Ν	five dollars	
307	door	蜷・繝峨い	open a door	
308	down	蜑ｯ	荳九∈縲∽ｽ弱＞譁ｹ縺ｸ	look down into the box	
309	drama	蜷・繝峨Λ繝槭∝括縲∵ｼ泌括	an exciting drama	
310	draw	蜍・・育ｵｵ繧・慍蝗ｳ縺ｪ縺ｩ・峨ｒ謠上￥縲・ｼ育ｷ壹ｄ蜀・↑縺ｩ・峨ｒ蠑輔￥縲縲頑ｴｻ逕ｨ縲掬rew-drawn	draw a picture	
311	dream	蜷・・育擅逵荳ｭ縺ｮ・牙､｢縲・ｼ亥ｰ・擂縺ｮ・牙､｢縲∵悍縺ｿ	My dream is to窶ｦ	
312	dress	蜷・繝峨Ξ繧ｹ縲∬｡｣譛・a nice summer dress	
313	drink	蜍・繝ｻ繝ｻ繝ｻ繧帝｣ｲ繧縲・・繧帝｣ｲ繧縲縲頑ｴｻ逕ｨ縲掬rank-drunk	drink coffee	
314	drink	蜷・鬟ｲ縺ｿ迚ｩ	a cold drink	
315	drive	蜍・繝ｻ繝ｻ繝ｻ繧帝°霆｢縺吶ｋ縲√・繝ｻ繝ｻ繧定ｻ翫〒騾√ｋ縲∬ｻ翫ｒ驕玖ｻ｢縺吶ｋ 縲頑ｴｻ逕ｨ縲掬rove-driven	drive a car	
316	driver	蜷・驕玖ｻ｢謇九√ラ繝ｩ繧､繝舌・	a taxi driver	
317	drop	蜍・繝ｻ繝ｻ繝ｻ繧定誠縺ｨ縺・drop a pencil	
318	dry	蠖｢	荵ｾ縺・◆	in the dry season	
319	during	蜑・・育音螳壹・譛滄俣・峨・髢薙§繧・≧縲√・繝ｻ繝ｻ縺ｮ髢薙ｒ縺ｨ縺翫＠縺ｦ	during the vacation	
320	DVD	蜷・DVD	watch the DVD 	
321	each	蠖｢	縺昴ｌ縺槭ｌ縺ｮ繝ｻ繧√＞繧√＞縺ｮ	each student	
322	each	莉｣	縺昴ｌ縺槭ｌ繝ｻ繧√＞繧√＞	each of the students	
323	ear	蜷・閠ｳ	Dogs have good ears.	
324	early	蜑ｯ	譌ｩ縺・get up early	
325	early	蠖｢	譌ｩ縺・early lunch	
326	earn	蜍・繝ｻ繝ｻ繝ｻ繧貞ｾ励ｋ繝ｻ縺九○縺・earn money	
327	earth	蜷・蝨ｰ逅・live on the earth	
328	earthquake	蜷・蝨ｰ髴・a big earthquake	
329	easily	蜑ｯ	邁｡蜊倥↓繝ｻ螳ｹ譏薙↓	make friends easily	
330	east	蜷・譚ｱ	from the east	
331	eastern	蠖｢	譚ｱ縺ｮ縲∵擲縺九ｉ縺ｮ	the eastern half	
332	easy	蠖｢	邁｡蜊倥↑繝ｻ螳ｹ譏薙↑	an easy question	
333	eat	蜍・繝ｻ繝ｻ繝ｻ繧帝｣溘∋繧九縲頑ｴｻ逕ｨ縲蟻te-eaten	eat lunch	
334	effort	蜷・蜉ｪ蜉・make an effort	
335	egg	蜷・蜊ｵ	a big egg	
336	eight	蜷阪・蠖｢	・假ｼ医・・・eight students	
337	eighteen	蜷阪・蠖｢	・托ｼ假ｼ医・・・eighteen students	
338	eighteenth	蜷阪・蠖｢	・托ｼ倡分繧・ｼ医・・・in the eighteenth century 	
339	eighth	蜷阪・蠖｢	・倡分繧・ｼ医・・・in the eighth century 	
340	eighty	蜷阪・蠖｢	・假ｼ撰ｼ医・・・eighty years old	
341	either	蜑ｯ	・亥凄螳壽枚縺ｮ縺ゅ→縺ｧ・峨・繝ｻ繝ｻ繧ゅ∪縺滂ｽ槭〒縺ｪ縺・I didn't have any money and she didn't either.	
342	electricity	蜷・髮ｻ豌励・崕蜉・cannot live without electricity	
343	elephant	蜷・雎｡	see a big elephant	
344	eleven	蜷阪・蠖｢	・托ｼ托ｼ医・・・eleven players	
345	eleventh	蜷阪・蠖｢	・托ｼ醍分繧・縺ｮ)	in the eleventh century	
346	else	蜑ｯ	縺昴・縺ｻ縺九↓・医・・・someone else	
347	e-mail (email)	蜷・髮ｻ蟄舌Γ繝ｼ繝ｫ	send an e-mail	
348	empty	蠖｢	縺九ｉ縺ｮ縲∫ｩｺ縺・※縺・ｋ	find an empty box	
349	encourage	蜍・繝ｻ繝ｻ繝ｻ繧貞窮豌励▼縺代ｋ縲∝干縺ｾ縺・encourage students	
350	end	蜷・邨ゅｏ繧翫∫ｫｯ	at the end of the year	
351	end	蜍・邨ゅｏ繧九∵ｸ医・縲・繝ｻ繝ｻ繝ｻ繧堤ｵゅ∴繧九∫ｵゅｏ繧峨○繧・This class ends at eleven.	
352	energy	蜷・繧ｨ繝阪Ν繧ｮ繝ｼ	the energy of the sun	
353	engineer	蜷・謚陦楢・∵橿蟶ｫ縲∝ｷ･蟄ｦ閠・become an engineer	
354	England	蜷・闍ｱ蝗ｽ縲√う繧ｮ繝ｪ繧ｹ	go to England	
355	English	蜷阪・蠖｢	繧､繝ｳ繧ｰ繝ｩ繝ｳ繝会ｼ郁恭蝗ｽ繝ｻ繧､繧ｮ繝ｪ繧ｹ・我ｺｺ・医・・峨∬恭隱橸ｼ医・・峨∬恭蝗ｽ縺ｮ	speak English	
356	enjoy	蜍・繝ｻ繝ｻ繝ｻ繧呈･ｽ縺励・縲√・繝ｻ繝ｻ縺励※讌ｽ縺励・	enjoy walking	
357	enough	蠖｢	蜊∝・縺ｪ縲∝ｿ・ｦ√↑縺縺代・	enough food	
358	enter	蜍・蜈･繧九・繝ｻ繝ｻ繝ｻ縺ｫ蜈･繧・enter the room	
359	entertainment	蜷・螽ｯ讌ｽ縲∵ｰ玲匐繧峨＠	good entertainment	
360	entrance	蜷・蜈･蜿｣縲∫私髢｢	the back entrance	
361	environment	蜷・迺ｰ蠅・the natural environment	
362	equal	蠖｢	遲峨＠縺・∝ｹｳ遲峨↑	All men are equal.	
363	eraser	蜷・豸医＠繧ｴ繝縲∵ｶ医☆繧ゅ・	a black eraser	
364	especially	蜑ｯ	迚ｹ縺ｫ	This question is especially important.	
365	Europe	蜷・繝ｨ繝ｼ繝ｭ繝・ヱ	go to Europe	
366	even	蜑ｯ	繝ｻ繝ｻ繝ｻ・医〒・峨＆縺医√・繝ｻ繝ｻ縺吶ｉ	even a child	
367	evening	蜷・螟墓婿縲∵勦	in the evening	
368	event	蜷・蜃ｺ譚･莠九∬｡御ｺ九∝ぎ縺礼黄縲√う繝吶Φ繝・sports events	
369	ever	蜑ｯ	縺九▽縺ｦ縲√％繧後∪縺ｧ縺ｫ	Have you ever been to窶ｦ?	
370	every	蠖｢	縺吶∋縺ｦ縺ｮ縲√←縺ｮ繝ｻ繝ｻ繝ｻ繧ゅ∵ｯ弱・繝ｻ繝ｻ	every week	
371	everybody	莉｣	縺ｿ繧薙↑縲√☆縺ｹ縺ｦ縺ｮ莠ｺ	everybody in the room	
372	everyone	莉｣	縺ｿ繧薙↑縲√☆縺ｹ縺ｦ縺ｮ莠ｺ	Good night, everyone.	
373	everything	莉｣	縺吶∋縺ｦ縺ｮ縺薙→・医ｂ縺ｮ・・Thank you for everything.	
374	everywhere	蜑ｯ	縺・◆繧九→縺薙ｍ縺ｧ・医ｒ・峨√←縺薙↓繧ゅ√←縺薙∈繧・everywhere in Japan	
375	exact	蠖｢	豁｣遒ｺ縺ｪ縲∫噪遒ｺ縺ｪ縲√・縺｣縺溘ｊ縺ｮ	the exact answer	
376	exam	蜷・隧ｦ鬨・passed the exam	
377	example	蜷・萓・for example	
378	excellent	蠖｢	髱槫ｸｸ縺ｫ蜆ｪ繧後◆縲∝━遘縺ｪ	an excellent idea	
379	exchange	蜍・繝ｻ繝ｻ繝ｻ繧剃ｺ､謠帙☆繧九∽ｸ｡譖ｿ縺吶ｋ	exchange ideas	
380	excited	蠖｢	闊亥･ｮ縺励◆	I was very excited.	
381	exciting	蠖｢	闊亥･ｮ縺輔○繧九ｈ縺・↑縲√ｏ縺上ｏ縺上＆縺帙ｋ繧医≧縺ｪ	an exciting game	
382	excuse	蜍・繝ｻ繝ｻ繝ｻ繧定ｨｱ縺・Excuse me, but窶ｦ	
383	expensive	蠖｢	鬮倅ｾ｡縺ｪ縲∝､谿ｵ縺碁ｫ倥＞縲∬ｲｻ逕ｨ縺ｮ縺九°繧九√●縺・◆縺上↑	buy an expensive camera	
384	experience	蜷・邨碁ｨ・have a good experience	
385	explain	蜍・繝ｻ繝ｻ繝ｻ繧定ｪｬ譏弱☆繧・explain the meaning of the word	
386	express	蜍・繝ｻ繝ｻ繝ｻ繧定｡ｨ迴ｾ縺吶ｋ繝ｻ陦ｨ縺吶∫､ｺ縺吶∬ｿｰ縺ｹ繧・express an idea	
387	expression	蜷・陦ｨ迴ｾ縲∬｡ｨ諠・a good expression	
388	eye	蜷・逶ｮ	Close your eyes.	
389	face	蜷・鬘斐・擇	Look at his face.	
390	fact	蜷・莠句ｮ・know the real fact about 窶ｦ	
391	factory	蜷・蟾･蝣ｴ	a car factory	
392	fall	蜷・遘・in the fall	
393	fall	蜍・關ｽ縺｡繧九縲頑ｴｻ逕ｨ縲鞠ell-fallen	fall down	
394	family	蜷・螳ｶ譌・in my family	
395	famous	蠖｢	譛牙錐縺ｪ	a famous actor	
396	fan	蜷・繝輔ぃ繝ｳ縲∫・辜医↑謾ｯ謖∬・a basketball fan	
397	far	蠖｢繝ｻ蜑ｯ	驕縺・・□縺上↓縲縲頑ｴｻ逕ｨ縲鞠arther/further-farthest/furthest	go far	
398	farm	蜷・霎ｲ蝣ｴ	a small farm	
399	farmer	蜷・霎ｲ豌代∬ｾｲ讌ｭ蠕謎ｺ玖・a fruit farmer	
400	fast	蠖｢	騾溘＞	a fast runner	
401	fast	蜑ｯ	騾溘￥	run fast	
402	father	蜷・辷ｶ縲∫宛隕ｪ	my father	
403	favorite	蠖｢	縺頑ｰ励↓蜈･繧翫・縲∝､ｧ螂ｽ縺阪↑	my favorite subject	
404	February	蜷・・呈怦	in February	
405	feel	蜍・繝ｻ繝ｻ繝ｻ縺ｨ諢溘§繧九縲頑ｴｻ逕ｨ縲鞠elt-felt	feel sick	
406	feeling	蜷・諢滓ュ縲∵─隕・a good feeling	
407	festival	蜷・逾ｭ繧・have a music festival	
408	few	蠖｢	・・ few縺ｧ・牙ｰ代＠縺ｮ縲√＞縺上▽縺九・	a few days later	
409	field	蜷・蜴溘▲縺ｱ縲・ｼ育ｫｶ謚蝣ｴ縺ｮ・峨ヵ繧｣繝ｼ繝ｫ繝・a rice field	
410	fifteen	蜷阪・蠖｢	・托ｼ包ｼ医・・・She is fifteen years old.	
411	fifteenth	蜷阪・蠖｢	・托ｼ慕分繧・ｼ医・・・on October 15(fifteenth)	
412	fifth	蜷阪・蠖｢	・慕分繧・ｼ医・・・on September 5(fifth)	
413	fifty	蜷阪・蠖｢	・包ｼ撰ｼ医・・・fifty minutes later	
414	fight	蜍・謌ｦ縺・縲頑ｴｻ逕ｨ縲鞠ought-fought	fight with(against)窶ｦ	
415	fill	蜍・繝ｻ繝ｻ繝ｻ繧呈ｺ縺溘☆縲∝沂繧√ｋ	fill the cup with water	
416	final	蠖｢	譛蠕後・	the final day of a year	
417	finally	蜑ｯ	縺ｨ縺・→縺・√▽縺・↓	finally arrived at the station 	
418	find	蜍・繝ｻ繝ｻ繝ｻ繧定ｦ九▽縺代ｋ縲∵ｰ励▼縺上√ｏ縺九ｋ縲縲頑ｴｻ逕ｨ縲鞠ound-found	find a good book	
419	fine	蠖｢	蜈・ｰ励↑縲∵匐繧後◆	I'm fine.	
420	finger	蜷・謖・ｼ域焔縺ｮ隕ｪ謖・・thumb縲∬ｶｳ縺ｮ謖・・toe・・point a finger at the picture	
421	finish	蜍・邨ゅｏ繧九√・繝ｻ繝ｻ繧堤ｵゅ∴繧・The concert finished. / finish my homework	
422	fire	蜷・轣ｫ縲∫↓莠・use fire	
423	first	蜷阪・蠖｢	・醍分繧・ｼ医・・峨∵怙蛻晢ｼ医・・・for the first time	
424	first	蜑ｯ	縺ｾ縺夂ｬｬ荳縺ｫ縲∵怙蛻昴↓縲∝・繧√※	We have to do the job first.	
425	fish	蜷・縺輔°縺ｪ縲縲願､・焚縲鞠ish	catch five fish	
426	fish	蜍・縺､繧翫ｒ縺吶ｋ	go fishing	
427	five	蜷阪・蠖｢	・包ｼ医・・・for five minutes	
428	flight	蜷・鬟幄｡後・ｼ磯｣幄｡梧ｩ溘・・我ｾｿ縲√ヵ繝ｩ繧､繝・take a flight to London	
429	floor	蜷・繧・°縲・嚴	on the third floor	
430	florist	蜷・闃ｱ螻・He is a florist.	
431	flower	蜷・闃ｱ	grow flowers in the garden	
432	fluently	蜑ｯ	繧翫ｅ縺・■繧・≧縺ｫ	speak English fluently	
433	fly	蜍・鬟帙・縲縲頑ｴｻ逕ｨ縲鞠lew-flown	fly from London to New York	
434	follow	蜍・窶ｦ縺ｮ縺ゅ→縺ｫ縺､縺・※陦後￥縲∝ｾ薙≧	follow him	
435	following	蠖｢	谺｡縺ｮ縲√≠縺ｨ縺ｫ邯壹￥	Answer the following questions.	
436	food	蜷・鬟溘∋迚ｩ	delicious food	
437	foot	蜷・雜ｳ・郁ｶｳ鬥悶°繧我ｸ具ｼ峨縲願､・焚縲鞠eet	on foot ・域ｭｩ縺・※・・
438	football	蜷・繧ｵ繝・き繝ｼ・・occer・峨√い繝｡繝ｪ繧ｫ繝ｳ繝輔ャ繝医・繝ｼ繝ｫ	play football	
439	for	蜑・竭繝ｻ繝ｻ繝ｻ縺ｮ縺溘ａ縺ｫ 竭｡繝ｻ繝ｻ繝ｻ縺ｫ蜷代°縺｣縺ｦ 竭｢繝ｻ繝ｻ繝ｻ縺ｫ縺ｨ縺｣縺ｦ竭｣・槭・髢・竭for you 竭｡a train for Umeda 竭｢good for your health 竭｣for two days	
440	foreign	蠖｢	螟門嵜縺ｮ	a foreign language	
441	forest	蜷・譽ｮ	in the forest	
442	forever	蜑ｯ	豌ｸ驕縺ｫ	remember her forever	
443	forget	蜍・繝ｻ繝ｻ繝ｻ繧貞ｿ倥ｌ繧九∫ｽｮ縺榊ｿ倥ｌ繧九縲頑ｴｻ逕ｨ縲鞠orgot-forgotten	forget my umbrella	
444	forty	蜷阪・蠖｢	・費ｼ撰ｼ医・・・forty years ago	
445	forward	蜑ｯ	蜑肴婿縺ｸ縲	move the car forward	
446	four	蜷阪・蠖｢	・費ｼ医・・・four years ago	
447	fourteen	蜷阪・蠖｢	・托ｼ費ｼ医・・・My brother is fourteen years old.	
448	fourteenth	蜷阪・蠖｢	・托ｼ皮分繧・ｼ医・・・in the fourteenth century	
449	fourth	蜷阪・蠖｢	・皮分繧・ｼ医・・・on the fourth floor	
450	France	蜷・繝輔Λ繝ｳ繧ｹ	a trip to France	
451	free	蠖｢	閾ｪ逕ｱ縺ｪ縲√・縺ｾ縺ｪ縲√◆縺縺ｮ	I'll be free tomorrow.	
452	freedom	蜷・閾ｪ逕ｱ	fight for freedom	
453	French	蜷阪・蠖｢	繝輔Λ繝ｳ繧ｹ莠ｺ・医・・峨√ヵ繝ｩ繝ｳ繧ｹ隱・縺ｮ・峨√ヵ繝ｩ繝ｳ繧ｹ縺ｮ	speak French	
454	fresh	蠖｢	譁ｰ魄ｮ縺ｪ	fresh vegetables	
455	Friday	蜷・驥第屆譌･	on Friday	
456	friend	蜷・蜿九□縺｡	make friends with her	
457	friendly	蠖｢	莠ｺ縺ｪ縺､縺｣縺薙＞縲∬ｦｪ蛻・↑	She is friendly to me.	
458	friendship	蜷・蜿区ュ縲∬ｦｪ莠､	an old friendship	
459	from	蜑・窶ｦ縺九ｉ縲≫ｦ蜃ｺ霄ｫ縺ｮ	He traveled from Japan to China. / I'm from Osaka.	
460	front	蜷・蜑埼Κ縲∝燕髱｢縲∝燕譁ｹ	the front of a car / in front of ・・
461	fruit	蜷・縺上□繧ゅ・	fresh fruit	
462	full	蠖｢	縺・▲縺ｱ縺・・縲∵ｺ縺｡縺・The restaurant is full.	
463	fun	蜷・讌ｽ縺励∩縲√♀繧ゅ＠繧阪＞繧ゅ・	have a lot of fun	
464	funny	蠖｢	縺翫°縺励↑縲√♀繧ゅ＠繧阪＞	a funny story	
465	future	蜷・蟆・擂縲∵悴譚･	in the future	
466	game	蜷・隧ｦ蜷医√ご繝ｼ繝	watch a baseball game	
467	garden	蜷・蠎ｭ縲∝ｺｭ蝨・flowers in the garden	
468	gate	蜷・髢縲・夂畑髢縲∵演	open the gate	
469	gather	蜍・繝ｻ繝ｻ繝ｻ繧帝寔繧√ｋ縲・ｼ井ｺｺ縲・・迚ｩ縺鯉ｼ蛾寔縺ｾ繧・gather a lot of information	
470	gentleman	蜷・邏ｳ螢ｫ縲縲願､・焚縲吉entlemen	ladies and gentlemen	
471	German	蜷阪・蠖｢	繝峨う繝・ｺｺ・医・・峨√ラ繧､繝・ｪ橸ｼ医・・峨√ラ繧､繝・・	speak German	
472	Germany	蜷・繝峨う繝・go to Germany	
473	gesture	蜷・・域欠遉ｺ繧・─諠・ｒ遉ｺ縺呻ｼ芽ｺｫ縺ｶ繧・language and gesture	
474	get	蜍・竭繝ｻ繝ｻ繝ｻ繧貞ｾ励ｋ縲竭｡・医・繝ｻ繝ｻ縺ｮ迥ｶ諷九↓・峨↑繧九竭｢繝ｻ繝ｻ繝ｻ縺ｫ逹縺上縲頑ｴｻ逕ｨ縲吉ot-got/gotten	竭get a CD 縲竭｡ get sick 縲竭｢get to the station 	
475	gift	蜷・雍医ｊ迚ｩ	a gift from my friend	
476	girl	蜷・蟆大･ｳ	a Japanese girl	
477	give	蜍・・茨ｽ槭↓・峨・繝ｻ繝ｻ繧剃ｸ弱∴繧九縲頑ｴｻ逕ｨ縲吉ave-given	give him a present	
478	glad	蠖｢	縺・ｌ縺励＞縲・ｼ医・繝ｻ繝ｻ縺励※・峨≧繧後＠縺・ｼ・o繝ｻ繝ｻ繝ｻ縲》hat繝ｻ繝ｻ繝ｻ・峨	I'm glad to see you. / I'm glad that you like it.	笳・
479	global	蠖｢	荳也阜逧・↑縲∝慍逅・・菴薙・	global warming	
480	go	蜍・陦後￥縲縲縲頑ｴｻ逕ｨ縲仇ent-gone	go to the park	
481	goal	蜷・逶ｮ讓吶・ｼ医し繝・き繝ｼ縺ｪ縺ｩ縺ｮ・峨ざ繝ｼ繝ｫ	my goal in life	
482	good	蠖｢	濶ｯ縺・√☆縺舌ｌ縺溘・ｫ伜刀雉ｪ縺ｪ縲√♀縺・＠縺・縲頑ｴｻ逕ｨ縲誼etter-best	a good restaurant	
483	goodbye	髢・縺輔ｈ縺・↑繧・say goodbye to窶ｦ	
484	government	蜷・謾ｿ蠎・the Japanese government	
485	grade	蜷・蟄ｦ蟷ｴ縲∵・邵ｾ	in the second grade	
486	graduate	蜍・蜊呈･ｭ縺吶ｋ・・rom繝ｻ繝ｻ繝ｻ・・graduate from junior high school	
487	grandfather	蜷・逾也宛縲√♀縺倥＞縺輔ｓ	my grandfather	
488	grandmother	蜷・逾匁ｯ阪√♀縺ｰ縺ゅ＆繧・his grandmother	
489	grandparent	蜷・逾也宛豈・visit my grandparents	
490	great	蠖｢	蛛牙､ｧ縺ｪ縲∝､ｧ縺阪↑縲√☆縺ｰ繧峨＠縺・a great doctor	
491	green	蜷阪・蠖｢	邱托ｼ医・・峨∫ｷ題牡・医・・・green vegetables	
492	greet	蜍・・井ｺｺ・峨↓縺ゅ＞縺輔▽縺吶ｋ縲√・繝ｻ繝ｻ繧貞・霑弱∴繧・greet her 	
493	greeting	蜷・縺ゅ＞縺輔▽・医・險闡会ｼ・a greeting to him	
494	ground	蜷・蝨ｰ髱｢	sit on the ground	
495	group	蜷・髮・屮縲√げ繝ｫ繝ｼ繝・a group of four people	
496	grow	蜍・・井ｺｺ縲∝虚迚ｩ縺ｪ縺ｩ縺鯉ｼ画・髟ｷ縺吶ｋ縲∬ご縺､縲・ｼ域､咲黄縺ｪ縺ｩ・峨ｒ譬ｽ蝓ｹ縺吶ｋ縲∬ご縺ｦ繧・縲頑ｴｻ逕ｨ縲吉rew-grown	grow up / grow fruit	
497	guess	蜍・繝ｻ繝ｻ繝ｻ・医→縺・≧縺薙→・峨ｒ謗ｨ貂ｬ縺吶ｋ	guess the answer	
498	guide	蜍・繝ｻ繝ｻ繝ｻ繧呈｡亥・縺吶ｋ縲∝ｰ弱￥	guide him into the building	
499	guide	蜷・譯亥・莠ｺ縲√ぎ繧､繝・a mountain guide	
500	guitar	蜷・繧ｮ繧ｿ繝ｼ	play the guitar	
501	gym	蜷・菴楢ご鬢ｨ縲√ず繝	a school gym	
502	hair	蜷・豈帙・鬮ｪ縺ｮ豈・have long hair	
503	half	蜷阪・蠖｢	蜊雁・・医・・・half an hour	
504	hall	蜷・繝帙・繝ｫ縲∫私髢｢縲・寔莨壽園縲∝､ｧ蠎・俣	in the hall	
505	hand	蜷・謇・the right hand	
506	happen	蜍・襍ｷ縺薙ｋ	The accident happened.	
507	happiness	蜷・蟷ｸ遖上・蟷ｸ縺帙√≧繧後＠縺・a feeling of happiness	
508	happy	蠖｢	蟷ｸ縺帙↑縲・ｼ医・繝ｻ繝ｻ縺励※・峨≧繧後＠縺・ｼ・o繝ｻ繝ｻ繝ｻ縲》hat繝ｻ繝ｻ繝ｻ・・a happy family / I'm happy that today is sunny.	笳・
509	hard	蜑ｯ	縺・▲縺励ｇ縺・￠繧薙ａ縺・↓縲∫・蠢・↓	study hard	
510	hard	蠖｢	髮｣縺励＞縲∬協縺励＞縲∝崋縺・	a hard question for me縲	
511	hat	蜷・・育ｸ√・縺ゅｋ・牙ｸｽ蟄・wear a black hat	
512	hate	蜍・繝ｻ繝ｻ繝ｻ繧偵・縺ｩ縺丞ｫ後≧縲∵・繧	He hates vegetables.	
513	have	蜍・繝ｻ繝ｻ繝ｻ繧呈戟縺｣縺ｦ縺・ｋ縲√・繝ｻ繝ｻ繧帝｣溘∋繧九√・繝ｻ繝ｻ繧帝｣ｼ縺｣縺ｦ縺・ｋ縲縲頑ｴｻ逕ｨ縲吃ad-had	have a dog	
514	he	莉｣	蠖ｼ縺ｯ縲∝ｽｼ縺・He is playing soccer.	
515	head	蜷・鬆ｭ	her head	
516	headache	蜷・鬆ｭ逞・have a headache	
517	health	蜷・蛛･蠎ｷ	your health	
518	hear	蜍・繝ｻ繝ｻ繝ｻ繧定◇縺上√・繝ｻ繝ｻ縺瑚◇縺薙∴繧九縲頑ｴｻ逕ｨ縲吃eard-heard	hear a noise	
519	heart	蜷・蠢・∮縲∝ｿ・my heart	
520	heavy	蠖｢	驥阪＞縲・ｼ磯岑縺ｪ縺ｩ縺鯉ｼ牙ｼｷ縺・The bag is very heavy.	
521	hello	髢・繧・≠縲√％繧薙↓縺｡縺ｯ	Hello, everyone.	
522	help	蜍・繝ｻ繝ｻ繝ｻ繧貞勧縺代ｋ縲√・繝ｻ繝ｻ繧呈焔莨昴≧	help my mother	
523	help	蜷・蜉ｩ縺・I need your help.	
524	helpful	蠖｢	蜉ｩ縺代↓縺ｪ繧九∝ｽｹ遶九▽縲∵怏逕ｨ縺ｪ	helpful ideas	
525	her	莉｣	蠖ｼ螂ｳ縺ｮ縲∝ｽｼ螂ｳ繧抵ｼ医↓・・her bag	
526	here	蜑ｯ	縺薙％縺ｫ縲√％縺薙〒	wait for you here	
527	hers	莉｣	蠖ｼ螂ｳ縺ｮ繧ゅ・	It is hers.	
528	hi	髢・繧・＝縲√％繧薙↓縺｡縺ｯ	Hi!  How are you?	
529	high	蠖｢	竭鬮倥＞縲竭｡鬮倥＆縺後・繝ｻ繝ｻ縺ゅｋ	竭a high mountain縲竭｡The wall is three meters high.縲	
530	him	莉｣	蠖ｼ繧抵ｼ医↓・・I met him.	
531	his	莉｣	蠖ｼ縺ｮ縲∝ｽｼ縺ｮ繧ゅ・	It is his.	
532	history	蜷・豁ｴ蜿ｲ	Japanese history	
533	hit	蜍・繝ｻ繝ｻ繝ｻ繧呈遠縺､縲√◆縺溘￥  縲頑ｴｻ逕ｨ縲吃it-hit	hit a ball	
534	hobby	蜷・雜｣蜻ｳ	my hobby	
535	hold	蜍・繝ｻ繝ｻ繝ｻ繧呈戟縺｣縺ｦ縺・ｋ縲・幕蛯ｬ縺吶ｋ縲・幕縺・縲頑ｴｻ逕ｨ縲吃eld-held	hold a party	
536	holiday	蜷・莨第律	a national holiday	
537	home	蜑ｯ	螳ｶ縺ｫ	go home	
538	home	蜷・螳ｶ縲∝ｮｶ蠎ｭ	at home	
539	homework	蜷・螳ｿ鬘・have a lot of homework	
540	hope	蜷阪・蜍・蟶梧悍縲∵悍縺ｿ縲∵悍繧縲・｡倥≧	have hopes / I hope that 窶ｦ	
541	hospital	蜷・逞・劼	in the hospital	
542	host family	蜷・繝帙せ繝医ヵ繧｡繝溘Μ繝ｼ	go to the movie with my host family	
543	hot	蠖｢	證代＞縲∫・縺・drink a cup of hot tea	
544	hotel	蜷・繝帙ユ繝ｫ	arrive at a hotel	
545	hour	蜷・譎る俣	for two hours	
546	house	蜷・螳ｶ	live in a big house	
547	how	蜑ｯ	竭・育桝蝠乗枚縺ｧ・峨←縺ｮ繧医≧縺ｫ縺励※縲・How about 窶ｦ ?)窶ｦ縺ｯ縺ｩ縺・〒縺吶°・溘√←繧後￥繧峨＞	竭How do you know the news? / How many[much] 窶ｦ?	笳・
548	how	蜑ｯ	竭｡(諢溷・譁・〒・峨↑繧薙→	竭｡How interesting!	
549	however	蜑ｯ	縺励°縺励↑縺後ｉ	・・ however窶ｦ	
550	huge	蠖｢	蟾ｨ螟ｧ縺ｪ	a huge mountain	
551	human	蠖｢	莠ｺ髢薙・	a human body	
552	hundred	蜷阪・蠖｢	・托ｼ撰ｼ撰ｼ医・・・three hundred pages	
553	hungry	蠖｢	遨ｺ閻ｹ縺ｮ縲・｣｢縺医◆	I'm really hungry.	
554	hurry	蜍・諤･縺・Hurry up!	
555	hurt	蜍・逞帙・縲・繝ｻ繝ｻ繝ｻ繧貞す縺､縺代ｋ縲√￠縺後ｒ縺輔○繧・縲頑ｴｻ逕ｨ縲吃urt-hurt	Some people were hurt in the accident.	
556	husband	蜷・螟ｫ	my husband	
557	I	莉｣	遘√・縲∫ｧ√′	I have a good idea.	
558	ice	蜷・豌ｷ	a piece of ice	
559	idea	蜷・閠・∴縲√い繧､繝・ぅ繧｢	I don't have any idea.	
560	if	謗･	繧ゅ＠窶ｦ縺ｪ繧峨・	if he is sick	
561	ill	蠖｢	逞・ｰ励・縲∵ｰ怜・縺梧が縺・	feel ill	
562	illness	蜷・逞・ｰ・suffer from an illness	
563	image	蜷・蜒上∝魂雎｡縲√う繝｡繝ｼ繧ｸ	What's your image of the company?	
564	imagine	蜍・諠ｳ蜒上☆繧・Can you imagine that?	
565	importance	蜷・驥崎ｦ∵ｧ縲∝､ｧ蛻・↑縺薙→[繧ゅ・]	the importance of窶ｦ	
566	important	蠖｢	螟ｧ蛻・↑	an important book	
567	impossible	蠖｢	荳榊庄閭ｽ縺ｪ	It is impossible to窶ｦ	
568	improve	蜍・繝ｻ繝ｻ繝ｻ繧呈隼蝟・☆繧九・ｲ豁ｩ縺吶ｋ縲√ｈ縺上↑繧・want to improve my English	
569	in	蜑・竭・亥ｴ謇繝ｻ菴咲ｽｮ・俄ｦ縺ｮ荳ｭ縺ｫ・ｻ縺ｧ・ｽ縲竭｡・域凾・俄ｦ縺ｫ縲竭｢・域焔谿ｵ・俄ｦ縺ｧ縲竭｣・域園隕∵凾髢難ｼ峨・繝ｻ繝ｻ髢薙〒	竭in the street 竭｡in March 竭｢in pencil 竭｣in two days	
570	influence	蜷・蠖ｱ髻ｿ縲∝ｽｱ髻ｿ蜉・have an influence on children	
571	information	蜷・諠・ｱ	collect information	
572	injure	蜍・縺代′繧偵＆縺帙ｋ縲√・繝ｻ繝ｻ繧貞す縺､縺代ｋ	Some people were injured in the accident.	
573	injury	蜷・縺代′繝ｻ雋蛯ｷ	a serious injury	
574	inside	蜑・窶ｦ縺ｮ荳ｭ縺ｫ・医〒・・inside the house	
575	interested	蠖｢	闊亥袖縺後≠繧九∬・蜻ｳ繧偵ｂ縺｣縺ｦ縺・ｋ縲・未蠢・′縺ゅｋ	I'm interested in science.	
576	interesting	蠖｢	縺翫ｂ縺励ｍ縺・∬・蜻ｳ豺ｱ縺・an interesting story	
577	international	蠖｢	蝗ｽ髫帷噪縺ｪ	an international flight	
578	Internet	蜷・繧､繝ｳ繧ｿ繝ｼ繝阪ャ繝・on the Internet	
579	interview	蜷・繧､繝ｳ繧ｿ繝薙Η繝ｼ縲・擇謗･	have an interview for a job	
580	interview	蜍・・茨ｽ槭↓・峨う繝ｳ繧ｿ繝薙Η繝ｼ縺吶ｋ縲・擇謗･縺吶ｋ	interview the famous actress	
581	into	蜑・窶ｦ縺ｮ荳ｭ縺ｸ[荳ｭ縺ｫ蜷代°縺｣縺ｦ]	throw a stone into the river	
582	introduce	蜍・繝ｻ繝ｻ繝ｻ繧堤ｴｹ莉九☆繧・introduce a friend to my father	
583	invent	蜍・繝ｻ繝ｻ繝ｻ繧堤匱譏弱☆繧・invent a radio	
584	invite	蜍・繝ｻ繝ｻ繝ｻ繧呈魚蠕・☆繧・invite my friends to the party	
585	is	蜍・・・e縺ｮ荳我ｺｺ遘ｰ繝ｻ蜊俶焚繝ｻ迴ｾ蝨ｨ蠖｢・・He is in the house.	
586	island	蜷・蟲ｶ	live on an island	
587	it	莉｣	・亥燕縺ｫ蜃ｺ縺ｦ縺阪◆繧ゅ・繧偵＆縺励※・峨◎繧後・・ｻ縺鯉ｼｽ縲√◎繧後ｒ縲・ｼ域凾髢薙∵屆譌･縲∝､ｩ蛟吶↑縺ｩ繧定｡ｨ縺呻ｼ・It is fine today.	
588	its	莉｣	縺昴ｌ縺ｮ	The dog hurt its leg.	
589	jacket	蜷・荳顔捩縲√ず繝｣繧ｱ繝・ヨ	a man wearing a jacket	
590	January	蜷・・第怦	in January	
591	Japan	蜷・譌･譛ｬ	in Japan	
592	Japanese	蜷阪・蠖｢	譌･譛ｬ莠ｺ・医・・峨∵律譛ｬ隱橸ｼ医・・峨∵律譛ｬ縺ｮ	study Japanese art	
593	job	蜷・莉穂ｺ・get a job as a teacher	
594	join	蜍・・育ｵ・ｹ斐・莨夂､ｾ・峨・荳蜩｡縺ｫ縺ｪ繧九√・繝ｻ繝ｻ縺ｫ蜿ょ刈縺吶ｋ	join a soccer club	
595	joke	蜷・蜀苓ｫ・√ず繝ｧ繝ｼ繧ｯ	tell a joke	
596	joy	蜷・蝟懊・	feel great joy	
597	judge	蜍・繝ｻ繝ｻ繝ｻ繧貞愛譁ｭ縺吶ｋ	judge people by窶ｦ	
598	juice	蜷・繧ｸ繝･繝ｼ繧ｹ	apple juice	
599	July	蜷・・玲怦	in July	
600	jump	蜍・霍ｳ縺ｶ縲√・縺ｭ繧・jump into the river	
601	June	蜷・・匁怦	in June	
602	junior high school	蜷・荳ｭ蟄ｦ譬｡	How can I get to your junior high school?	
603	just	蜑ｯ	縺｡繧・≧縺ｩ縲∝腰縺ｫ縲√■繧・▲縺ｨ	just now	
604	keep	蜍・縺壹▲縺ｨ繝ｻ繝ｻ繝ｻ縺ｮ縺ｾ縺ｾ縺ｧ縺ゅｋ縲√・繝ｻ繝ｻ縺礼ｶ壹￠繧九・繝ｻ繝ｻ繝ｻ繧剃ｿ昴▽縲・ｽ槭ｒ繝ｻ繝ｻ繝ｻ縺ｫ菫昴▽  縲頑ｴｻ逕ｨ縲橘ept-kept	keep dancing / keep the room clean	
605	key	蜷・骰ｵ縲∵焔縺後°繧翫∫ｧ倥￠縺､	forget my key	
606	kick	蜍・繝ｻ繝ｻ繝ｻ繧定ｹｴ繧・kick a ball	
607	kill	蜍・繝ｻ繝ｻ繝ｻ繧呈ｮｺ縺・Many people were killed in the war.	
608	kilogram	蜷・繧ｭ繝ｭ繧ｰ繝ｩ繝	two kilograms	
609	kilometer	蜷・繧ｭ繝ｭ繝｡繝ｼ繝医Ν	two kilometers	
610	kind	蜷・遞ｮ鬘・a kind of窶ｦ	
611	kind	蠖｢	隕ｪ蛻・↑	a kind man	
612	king	蜷・邇・become king	
613	kitchen	蜷・蜿ｰ謇	in the kitchen	
614	knife	蜷・繝翫う繝・cut an apple with a knife	
615	know	蜍・繝ｻ繝ｻ繝ｻ繧堤衍縺｣縺ｦ縺・ｋ縲√・繝ｻ繝ｻ縺悟・縺九ｋ縲縲頑ｴｻ逕ｨ縲橘new-known	know the boy well / know that...	
616	Korea	蜷・髻灘嵜繝ｻ譛晞ｮｮ	visit Korea	
617	Korean	蜷阪・蠖｢	髻灘嵜繝ｻ譛晞ｮｮ莠ｺ・医・・峨・沒蝗ｽ繝ｻ譛晞ｮｮ隱橸ｼ医・・峨・沒蝗ｽ繝ｻ譛晞ｮｮ縺ｮ	I like Korean food.	
618	lady	蜷・螂ｳ諤ｧ縲∝ｩｦ莠ｺ	Ladies and gentlemen,	
619	lake	蜷・貉・go fishing in the lake	
620	land	蜷・蝨溷慍	a cold land	
621	language	蜷・險隱・language and gesture	
622	large	蠖｢	螟ｧ縺阪＞	a large park	
623	last	蠖｢	譛蠕後・縲√％縺ｮ蜑阪・	last Sunday	
624	last	蜍・邯壹￥	The war lasted for many years.	
625	late	蠖｢繝ｻ蜑ｯ	驕・＞縲・≦繧後◆縲・≦縺上・≦繧後※ 	be late for school / come back home late	
626	later	蜑ｯ	・・ate縺ｮ豈碑ｼ・ｴ夲ｼ峨・縺｡縺ｫ縲√・繝ｻ繝ｻ蠕・a few days later	
627	latest	蠖｢	・・ate縺ｮ譛荳顔ｴ夲ｼ画怙譁ｰ縺ｮ	the latest news	
628	laugh	蜍・隨代≧	laugh at a joke	
629	law	蜷・豕募ｾ九∵ｳ募援	against the law	
630	lawyer	蜷・豕募ｾ句ｮｶ縲∝ｼ∬ｭｷ螢ｫ	work as a lawyer	
631	lay	蜍・窶ｦ繧堤ｽｮ縺上∵ｨｪ縺溘∴繧九縲頑ｴｻ逕ｨ縲詰aid-laid 縲〕ie・域ｨｪ縺ｫ縺ｪ繧具ｼ峨・驕主悉蠖｢	lay a book on the table / lay the baby on the bed	
632	lead	蜍・繝ｻ繝ｻ繝ｻ繧貞・蟆弱☆繧九∵｡亥・縺吶ｋ縲縲頑ｴｻ逕ｨ縲詰ed-led	lead her to the station	
633	leader	蜷・繝ｪ繝ｼ繝繝ｼ縲∵欠蟆手・choose Mary as our leader	
634	learn	蜍・繝ｻ繝ｻ繝ｻ繧貞ｭｦ縺ｶ繝ｻ鄙偵≧	learn English / learn that 窶ｦ	
635	leave	蜍・繝ｻ繝ｻ繝ｻ繧貞・逋ｺ縺吶ｋ縲∫匱縺､縲≫ｦ繧呈ｮ九☆縲縲頑ｴｻ逕ｨ縲詰eft-left	leave home for the station	
636	left	蜷阪・蠖｢	蟾ｦ・医・・峨∝ｷｦ蛛ｴ・医・・・turn to the left	
637	leg	蜷・閼・the legs of a chair	
638	lemon	蜷・繝ｬ繝｢繝ｳ	tea with lemon	
639	lend	蜍・・茨ｽ槭↓・峨・繝ｻ繝ｻ繧定ｲｸ縺吶縲頑ｴｻ逕ｨ縲詰ent-lent	lend him my bike	
640	lesson	蜷・繝ｬ繝・せ繝ｳ縲∬ｪｲ縲∵肢讌ｭ	have no lessons this afternoon	
641	let	蜍・・槭↓繝ｻ繝ｻ繝ｻ縺輔○繧九縲頑ｴｻ逕ｨ縲詰et-let	Let me show you my town.	笳・
642	let's		繝ｻ繝ｻ繝ｻ縺励∪縺励ｇ縺・Let's play soccer.	
643	letter	蜷・謇狗ｴ・write a letter to her	
644	library	蜷・蝗ｳ譖ｸ鬢ｨ	study in a library	
645	lie	蜍・讓ｪ縺溘ｏ繧九縲頑ｴｻ逕ｨ縲詰ay-lain	lie in bed	
646	life	蜷・逕滓ｴｻ縲∽ｺｺ逕溘∫函蜻ｽ	school life	
647	light	蜷・蜈峨∵・縺九ｊ	a bright light	
648	light	蠖｢	霆ｽ縺・∵・繧九＞	This box is very light.	
649	like	蜍・繝ｻ繝ｻ繝ｻ繧貞･ｽ繧	like mathematics / I like swimming. 	
650	like	蜑・窶ｦ縺ｮ繧医≧縺ｪ	look like an animal	
651	line	蜷・邱・draw a line	
652	lion	蜷・繝ｩ繧､繧ｪ繝ｳ	a group of lions	
653	list	蜷・繝ｪ繧ｹ繝・a list of books	
654	listen	蜍・繝ｻ繝ｻ繝ｻ繧定◇縺擾ｼ・o 繝ｻ繝ｻ繝ｻ)	listen to the music	
655	little	蠖｢	竭蟆上＆縺・竭｡・磯壻ｾ蟻 little縺ｧ・牙ｰ代＠縺ｮ縲∝ｰ代↑縺・縲頑ｴｻ逕ｨ縲具ｼ遺贈縺ｮ蝣ｴ蜷茨ｼ瑛ess-least	竭a little cat縲竭｡a little water	
656	little	蜑ｯ	蟆代＠	I can speak Chinese a little.	
657	live	蜍・逕溘″繧九∽ｽ上・	live in Osaka	
658	local	蠖｢	蝨ｰ蜈・・	local people	
659	London	蜷・繝ｭ繝ｳ繝峨Φ	live in London	
660	long	蠖｢	竭髟ｷ縺・竭｡髟ｷ縺輔′繝ｻ繝ｻ繝ｻ縺ｧ縲√・繝ｻ繝ｻ縺ｮ髟ｷ縺輔・	竭This river is long.  竭｡ This river is 75 kilometers long.縲	
661	look	蜍・竭隕九ｋ  竭｡(look for 窶ｦ)窶ｦ繧偵＆縺後☆ 竭｢縺ｫ隕九∴繧・竭look at the blackboard 竭｡look for my pen 竭｢look happy	
662	lose	蜍・繝ｻ繝ｻ繝ｻ繧貞､ｱ縺・縲頑ｴｻ逕ｨ縲詰ost-lost	lose my key	
663	lot	蜷・縺溘￥縺輔ｓ	a lot of books	
664	loud	蜑ｯ	螟ｧ螢ｰ縺ｧ	Speak louder.	
665	loud	蠖｢	・亥｣ｰ縺鯉ｼ牙､ｧ縺阪＞	a loud voice	
666	love	蜷・諢帙∵°諢・a mother's love for her children 	
667	love	蜍・繝ｻ繝ｻ繝ｻ繧呈・縺吶ｋ縲∝､ｧ縺・↓螂ｽ繧	She loves sushi.	
668	low	蠖｢	菴弱＞	a low table	
669	luck	蜷・驕・Good luck!	
670	lucky	蠖｢	蟷ｸ驕九↑	She is a lucky woman.	
671	lunch	蜷・譏ｼ鬟・eat lunch at that restaurant	
672	machine	蜷・讖滓｢ｰ	use the machine	
673	magazine	蜷・髮題ｪ・read a magazine	
674	main	蠖｢	荳ｻ縺ｪ縲∽ｸｻ隕√↑	a main problem	
675	make	蜍・竭繝ｻ繝ｻ繝ｻ繧剃ｽ懊ｋ縲竭｡・槭ｒ繝ｻ繝ｻ繝ｻ縺ｫ縺吶ｋ	竭make a sandwich  竭｡make her happy	笳・
676	make	蜍・竭｢・槭↓繝ｻ繝ｻ繝ｻ縺輔○繧・                  縲縲頑ｴｻ逕ｨ縲砧ade-made	竭｢Hot milk makes you sleep well.	
677	man	蜷・逕ｷ縺ｮ莠ｺ縲∫塙諤ｧ   縲願､・焚縲砧en	a tall man	
678	many	蠖｢繝ｻ莉｣	・域焚縺医ｉ繧後ｋ蜷崎ｩ槭・蜑阪〒・峨◆縺上＆繧薙・縲∝､壹￥縺ｮ繧ゅ・・井ｺｺ・峨縲頑ｴｻ逕ｨ縲砧ore-most	many chairs / many of them	
679	map	蜷・蝨ｰ蝗ｳ	see a map	
680	March	蜷・・捺怦	in March	
681	match	蜷・隧ｦ蜷医∫ｫｶ謚	a tennis match	
682	math	蜷・謨ｰ蟄ｦ	I like math.	
683	matter	蜷・蝗ｰ縺｣縺溘％縺ｨ	What's the matter?	
684	may	蜉ｩ	竭・郁ｨｱ蜿ｯ・峨・繝ｻ繝ｻ縺励※繧ゅｈ縺・竭｡・域耳驥上・蜿ｯ閭ｽ諤ｧ・峨・繝ｻ繝ｻ縺九ｂ縺励ｌ縺ｪ縺・竭May I use your bike?縲竭｡ Some people may think that 窶ｦ	
685	May	蜷・・墓怦	in May	
686	maybe	蜑ｯ	繧ゅ＠縺九☆繧九→縲√◆縺ｶ繧・Maybe we will meet tomorrow.	
687	me	莉｣	遘√ｒ・医↓・・He knows me well.	
688	meal	蜷・鬟滉ｺ・cook a meal	
689	mean	蜍・繝ｻ繝ｻ繝ｻ繧呈э蜻ｳ縺吶ｋ縲√・繝ｻ繝ｻ縺ｨ縺・≧縺薙→繧呈э蜻ｳ縺吶ｋ  縲頑ｴｻ逕ｨ縲砧eant-meant	What does the word mean?	
690	meaning	蜷・・郁ｨ闡峨・霄ｫ謖ｯ繧翫↑縺ｩ縺ｮ・画э蜻ｳ	What is the meaning of the word?	
691	meat	蜷・閧・eat meat	
692	medicine	蜷・阮ｬ	a new medicine	
693	meet	蜍・繝ｻ繝ｻ繝ｻ縺ｫ莨壹≧  縲頑ｴｻ逕ｨ縲砧et-met	meet her at a park	
694	meeting	蜷・莨夊ｭｰ	have a meeting	
695	member	蜷・荳蜩｡縲√Γ繝ｳ繝舌・	a new member	
696	memo	蜷・繝｡繝｢	take a memo	
697	memory	蜷・險俶・	a good memory	
698	menu	蜷・繝｡繝九Η繝ｼ	a lunch menu	
699	message	蜷・莨晁ｨ縲√Γ繝・そ繝ｼ繧ｸ	a message from him	
700	meter	蜷・繝｡繝ｼ繝医Ν	three meters	
701	middle	蜷・荳ｭ螟ｮ縲∫悄繧謎ｸｭ	in the middle of May	
702	milk	蜷・迚帑ｹｳ縲√Α繝ｫ繧ｯ	warm milk	
703	million	蜷・100荳・one million	
704	mind	蜷・邊ｾ逾槭∝ｿ・in people's minds	
705	mine	莉｣	遘√・繧ゅ・	It's mine.	
706	minute	蜷・・域凾髢薙・蜊倅ｽ搾ｼ牙・	for five minutes	
707	miss	蜍・竭閨槭″騾・☆縲∬ｦ矩・☆縲√→繧翫・縺後☆縲竭｡繝ｻ繝ｻ繝ｻ縺後＞縺ｪ縺上※縺輔∩縺励￥諤昴≧	竭miss the train 縲竭｡I miss him.	
708	mistake	蜷・隱､繧翫・俣驕輔＞	a big mistake	
709	moment	蜷・迸ｬ髢薙√■繧・▲縺ｨ縲√＠縺ｰ繧峨￥	Just a moment, please.	
710	Monday	蜷・譛域屆譌･	on Monday	
711	money	蜷・縺企≡	have some money	
712	month	蜷・・域圜・画怦	last month	
713	moon	蜷・・亥､ｩ菴難ｼ画怦	the light of the moon	
714	more	蜑ｯ	・医・繝ｻ繝ｻ繧医ｊ・峨ｂ縺｣縺ｨ縲√＞縺｣縺昴≧	more interesting than 窶ｦ	
715	more	蠖｢	・域焚繝ｻ驥上↑縺ｩ縺鯉ｼ峨ｂ縺｣縺ｨ螟壹￥縺ｮ縲√ｂ縺｣縺ｨ螟壹＞縲	More people will come tomorrow.	
716	morning	蜷・譛昴∝壕蜑堺ｸｭ	in the morning	
717	most	蜑ｯ	譛繧ゅ√＞縺｡縺ｰ繧・the most important thing in my life	
718	most	蠖｢	縺溘＞縺ｦ縺・・縲∝､ｧ驛ｨ蛻・・縲∵怙繧ょ､壹￥縺ｮ	Most people like his songs.	
719	mother	蜷・豈阪∵ｯ崎ｦｪ	become a mother	
720	mountain	蜷・螻ｱ	at the top of the mountain	
721	mouth	蜷・蜿｣	open my mouth	
722	move	蜍・蜍輔￥縲∫ｧｻ蜍輔☆繧九√・繝ｻ繝ｻ繧貞虚縺九☆縲∫ｧｻ蜍輔＆縺帙ｋ	move the chair	
723	movie	蜷・譏逕ｻ	go to see a movie	
724	Mr.	蜷・・槭＆繧薙・ｽ槫・逕滂ｼ育塙諤ｧ縺ｫ蟇ｾ縺吶ｋ謨ｬ遘ｰ・・Mr. Green / Mr. Kato	
725	Ms.	蜷・・槭＆繧薙・ｽ槫・逕滂ｼ亥･ｳ諤ｧ縺ｫ蟇ｾ縺吶ｋ謨ｬ遘ｰ・・Ms. White / Ms. Hara	
726	much	蠖｢	(謨ｰ縺医ｉ繧後↑縺・錐隧槭・蜑阪〒・峨◆縺上＆繧薙・ 縲頑ｴｻ逕ｨ縲砧ore-most	don't have much rain	
727	much	蜑ｯ	縺ｨ縺ｦ繧・縲頑ｴｻ逕ｨ縲砧ore-most	I like sports very much.	
728	museum	蜷・蜊夂黄鬢ｨ縲∫ｾ手｡馴､ｨ	visit the museum	
729	music	蜷・髻ｳ讌ｽ縲∵峇	listen to music	
730	musician	蜷・髻ｳ讌ｽ螳ｶ縲√Α繝･繝ｼ繧ｸ繧ｷ繝｣繝ｳ	a famous musician	
731	must	蜉ｩ	・育ｾｩ蜍呻ｼ峨・繝ｻ繝ｻ縺励↑縺代ｌ縺ｰ縺ｪ繧峨↑縺・You must do the work.	
732	my	莉｣	遘√・	my school	
733	name	蜷・蜷榊燕	call his name	
734	name	蜍・繝ｻ繝ｻ繝ｻ縺ｫ・茨ｽ槭→・牙錐蜑阪ｒ縺､縺代ｋ	name the cat Mike	
735	nation	蜷・蝗ｽ繝ｻ蝗ｽ螳ｶ	small nations	
736	national	蠖｢	蝗ｽ縺ｮ繝ｻ蝗ｽ螳ｶ縺ｮ	the national flower	
737	native	蠖｢	豈崎ｪ槭・縲∵ｯ崎ｪ槭ｒ隧ｱ縺・a native speaker of English	
738	natural	蠖｢	閾ｪ辟ｶ縺ｮ	the natural world	
739	nature	蜷・閾ｪ辟ｶ	the beauties of nature	
740	near	蜑・繝ｻ繝ｻ繝ｻ縺ｮ霑代￥縺ｫ・医〒繝ｻ縺ｮ・・near the station	
741	necessary	蠖｢	蠢・ｦ√↑	necessary things 	
742	need	蜍・繝ｻ繝ｻ繝ｻ繧貞ｿ・ｦ√→縺吶ｋ	need some help	
743	need	蜷・蠢・ｦ√∝ｿ・ｦ∵ｧ	need for help	
744	neighbor	蜷・髫｣莠ｺ縲∬ｿ第園縺ｮ莠ｺ	a neighbor's house	
745	neighborhood	蜷・霑第園縲∬ｿ鷹團縲∽ｻ倩ｿ・in this neighborhood	
746	nervous	蠖｢	荳榊ｮ峨↑縲∫ｷ雁ｼｵ縺吶ｋ縲√≠縺後ｋ	get nervous	
747	never	蜑ｯ	縺薙ｌ縺ｾ縺ｧ荳蠎ｦ繧ゅ・繝ｻ繝ｻ縺ｪ縺・∵ｱｺ縺励※繝ｻ繝ｻ繝ｻ縺ｪ縺・I have never been to Okinawa.	
748	new	蠖｢	譁ｰ縺励＞	a new teacher	
749	New York 	蜷・繝九Η繝ｼ繝ｨ繝ｼ繧ｯ	go to New York	
750	news	蜷・繝九Η繝ｼ繧ｹ縲∫衍繧峨○	good news	
751	newspaper	蜷・譁ｰ閨・a morning newspaper	
752	next	蠖｢	谺｡縺ｮ	next Sunday	
753	next	蜑ｯ	谺｡縺ｫ	What will happen next?	
754	nice	蠖｢	濶ｯ縺・∵･ｽ縺励＞縲∬ｦｪ蛻・↑	a nice boy	
755	night	蜷・螟・last night	
756	nine	蜷阪・蠖｢	・呻ｼ医・・・nine players	
757	nineteen	蜷阪・蠖｢	・托ｼ呻ｼ医・・・I'm nineteen years old.	
758	nineteenth	蜷阪・蠖｢	・托ｼ咏分繧・ｼ医・・・in the nineteenth century	
759	ninety	蜷阪・蠖｢	・呻ｼ撰ｼ医・・・ninety books	
760	ninth	蜷阪・蠖｢	・咏分繧・ｼ医・・・on the ninth floor	
761	no	蜑ｯ	縺・＞縺・No, I don't.	
762	no	蠖｢	蟆代＠縺ｮ・医・縺ｨ縺､縺ｮ繝ｻ縺ｲ縺ｨ繧翫・・会ｽ槭ｂ繝ｻ繝ｻ繝ｻ縺ｪ縺・No one can answer it.	
763	No.	蜷・繝ｻ繝ｻ繝ｻ逡ｪ	No. 1	
764	noise	蜷・髻ｳ繝ｻ鬨帝浹繝ｻ髮鷹浹	hear a noise	
765	noisy	蠖｢	繧・°縺ｾ縺励＞縲・ｨ偵・＠縺・∝､ｧ縺阪↑髻ｳ繧偵◆縺ｦ繧・a noisy car	
766	noon	蜷・豁｣蜊医∫悄譏ｼ	at noon	
767	normal	蠖｢	譎ｮ騾壹・縲∵ｨ呎ｺ悶・	the normal temperature	
768	north	蜷・蛹・A cold wind blows from the north.	
769	northern	蠖｢	蛹励・縲∝圏縺九ｉ縺ｮ	a northern wind 	
770	nose	蜷・鮠ｻ	my nose	
771	not	蜑ｯ	繝ｻ繝ｻ繝ｻ縺ｧ縺ｪ縺・don't have a car / not free	
772	note	蜷・繝｡繝｢	take notes	
773	notebook	蜷・繝弱・繝医・遏ｭ縺・焔邏・buy a new notebook	
774	nothing	莉｣	・亥腰謨ｰ謇ｱ縺・ｼ我ｽ輔ｂ繝ｻ繝ｻ繝ｻ縺ｪ縺・There is nothing to do.	
775	notice	蜍・繝ｻ繝ｻ繝ｻ縺ｫ豌嶺ｻ倥￥縲√ｏ縺九ｋ	notice a mistake	
776	November	蜷・・托ｼ第怦	in November	
777	now	蜑ｯ	莉翫√＆縺ｦ	do it now	
778	number	蜷・謨ｰ縲∵焚蟄励∫分蜿ｷ	the number of 窶ｦ	
779	nurse	蜷・逵玖ｭｷ蟶ｫ	become a nurse	
780	ocean	蜷・豬ｷ縲∵ｵｷ豢・swim in the ocean	
781	o'clock	蜷・譎る俣縲∵凾	at five o'clock	
782	October	蜷・・托ｼ先怦	I was born in October.	
783	of	蜑・竭・亥ｸｰ螻橸ｼ俄ｦ縺ｮ 竭｡・亥酔譬ｼ・会ｽ槭→縺・≧繝ｻ繝ｻ繝ｻ 竭｢・磯Κ蛻・ｼ会ｽ槭・荳ｭ縺ｮ繝ｻ繝ｻ繝ｻ 	竭the name of the singer 竭｡the town of Shibuya  竭｢one of my friends	
784	off	蜑ｯ	・医￥縺｣縺､縺・◆迥ｶ諷九°繧蛾屬繧後◆迥ｶ諷九∈縺ｮ螟牙喧繧定｡ｨ縺励※・蛾屬繧後※縲・屬縺輔ｌ縺ｦ縲・囈縺溘▲縺ｦ	Take off your jacket.	
785	office	蜷・莨夂､ｾ縲∽ｺ句漁謇縲√が繝輔ぅ繧ｹ	work in an office 	
786	officer	蜷・莠句漁蜩｡縲∽ｿょ藤	a police officer	
787	official	蠖｢	蜈ｬ蠑上・	an official event	
788	often	蜑ｯ	縺励・縺励・	often go there	
789	oh	髢・縺翫♀・√√≠縺ゑｼ・Oh, dear!縲/縲Oh, my!	
790	oil	蜷・豐ｹ縲∫浹豐ｹ	use vegetable oil	
791	OK	蠖｢繝ｻ髢・螟ｧ荳亥､ｫ縺ｪ縲√ｏ縺九ｊ縺ｾ縺励◆縲√◎繧後〒縺ｯ	Are you OK?	
792	old	蠖｢	竭蜿､縺・∝ｹｴ繧偵→縺｣縺溘竭｡繝ｻ繝ｻ繝ｻ豁ｳ縺ｮ	竭an old temple縲竭｡I'm 14 years old.	
793	on	蜑・竭・域凾繝ｻ譌･・俄ｦ縺ｫ 竭｡・亥ｴ謇・俄ｦ縺ｮ荳翫↓縲≫ｦ縺ｫ・域磁隗ｦ・・竭｢・育憾諷具ｼ俄ｦ荳ｭ縺ｧ 竭｣・槭↓縺､縺・※	竭on Sunday  竭｡on the table / on the wall  竭｢on the way to school 竭｣some information on the animals	
794	once	蜑ｯ	荳蠎ｦ縲∽ｸ蝗槭√°縺､縺ｦ	I once met your mother.	
795	one	蜷阪・蠖｢	・托ｼ医・・・in one minute	
796	one	蠖｢	縺ゅｋ繝ｻ繝ｻ繝ｻ	one day in September	
797	one	莉｣	・代▽縲√ｂ縺ｮ・亥錐隧槭・郢ｰ繧願ｿ斐＠繧帝∩縺代ｋ縺ｨ縺阪↓菴ｿ縺・ｼ・Which do you like better, this cap or that one?	
798	only	蠖｢	蜚ｯ荳縺ｮ縲√・繝ｻ繝ｻ縺縺・He is the only student in the room.	
799	only	蜑ｯ	・医◆縺｣縺滂ｼ峨・繝ｻ繝ｻ縺縺代・ｼ医⊇繧薙・・峨・繝ｻ繝ｻ縺縺・only a few years ago	
800	open	蜍・窶ｦ繧帝幕縺代ｋ縲・幕縺・open the door	
801	open	蠖｢	髢九＞縺・Every window was open.	
802	opinion	蜷・諢剰ｦ・talk about my opinion	
803	opposite	蠖｢	蜿榊ｯｾ縺ｮ縲∝渚蟇ｾ蛛ｴ縺ｮ	the opposite side of the road	
804	or	謗･	繝ｻ繝ｻ繝ｻ縺九ｂ縺励￥縺ｯ	you or I	
805	orange	蜷・繧ｪ繝ｬ繝ｳ繧ｸ	eat an orange 	
806	orange	蜷阪・蠖｢	繧ｪ繝ｬ繝ｳ繧ｸ濶ｲ・医・・・bright orange	
807	order	蜷・鬆・分縲∝多莉､縲∵ｳｨ譁・in that order / He gave us that order. / May I take your order?	
808	order	蜍・(・槭↓)繝ｻ繝ｻ繝ｻ縺吶ｋ繧医≧蜻ｽ莉､縺吶ｋ・・o 繝ｻ繝ｻ繝ｻ・・order him to do his job 	
809	other	蠖｢	縺ｻ縺九・	other questions	
810	our	莉｣	遘√◆縺｡縺ｮ	our English teacher	
811	ours	莉｣	遘√◆縺｡縺ｮ繧ゅ・	bigger than ours	
812	out	蜑ｯ	螟悶↓・医〒・・get out of a car	
813	outside	蜑・繝ｻ繝ｻ繝ｻ縺ｮ螟悶↓・医〒・・outside the house	
814	over	蜑・竭窶ｦ縺ｮ荳翫・譁ｹ 竭｡窶ｦ 縺倥ｅ縺・√・繝ｻ繝ｻ縺ｮ縺・◆繧九→縺薙ｍ縺ｫ縲≫造繝ｻ繝ｻ繝ｻ莉･荳翫↓縲√・繝ｻ繝ｻ繧医ｊ螟壹￥	竭over the bridge 竭｡all over the world 竭｢for over 300 years	
815	over	蜑ｯ	貂医ｓ縺ｧ縲∫ｵゅｏ縺｣縺ｦ	The game is over.	
816	overseas	蠖｢	豬ｷ螟悶・縲∝､門嵜縺ｮ	an overseas student	
817	overseas	蜑ｯ	豬ｷ螟悶∈縲∝､門嵜縺ｸ	go overseas	
818	own	蠖｢	閾ｪ霄ｫ縺ｮ	his own bike	
819	P.E. (PE)	蜷・・・hysical education縺ｮ逡･・我ｽ楢ご	I like PE.	
820	p.m.	蜑ｯ	蜊亥ｾ・at 6:30 p.m.	
821	paint	蜍・・育ｵｵ繧・枚蟄励↑縺ｩ・峨ｒ謠上￥	paint a picture	
822	painting	蜷・邨ｵ逕ｻ	a beautiful painting	
823	pair	蜷・・茨ｼ偵▽・醍ｵ・↓縺ｪ縺｣縺ｦ縺・ｋ繧ゅ・・峨・・大ｯｾ縲・ｼ醍ｵ・a pair of shoes	
824	paper	蜷・邏・a piece of paper	
825	pardon	蜍・・井ｺｺ繝ｻ螟ｱ遉ｼ縺ｪ陦檎ぜ縺ｪ縺ｩ・峨ｒ險ｱ縺・Pardon me.	
826	parent	蜷・隕ｪ	my parents	
827	park	蜷・蜈ｬ蝨・play in a park	
828	part	蜷・竭蠖ｹ蜑ｲ縲竭｡驛ｨ蛻・竭play a part  竭｡a part of the story	
829	party	蜷・繝代・繝・ぅ繝ｼ	enjoy a party	
830	pass	蜍・騾壹ｋ縲・壹ｊ驕弱℃繧九・ｼ域凾髢薙′・蛾℃縺弱ｋ	pass through a room	
831	passage	蜷・(譁・ｫ縺ｪ縺ｩ縺ｮ・我ｸ遽	read the passage	
832	passport	蜷・繝代せ繝昴・繝・get a passport	
833	past	蜷・驕主悉	experiences of the past	
834	patient	蜷・謔｣閠・take care of the patients	
835	pay	蜍・・医♀驥托ｼ峨ｒ謾ｯ謇輔≧縲 縲頑ｴｻ逕ｨ縲却aid-paid	pay a lot of money	
836	peace	蜷・蟷ｳ蜥・bring peace to the world	
837	pen	蜷・繝壹Φ	write with a pen	
838	pencil	蜷・縺医ｓ縺ｴ縺､	use my pencil	
839	people	蜷・莠ｺ縲・∝嵜豌・Japanese people	
840	percent	蜷・繝代・繧ｻ繝ｳ繝・50 percent	
841	perfect	蠖｢	螳悟・縺ｪ縲∫筏縺怜・縺ｪ縺・Your answer is perfect.	
842	perhaps	蜑ｯ	縺翫◎繧峨￥	Perhaps he will come.	
843	person	蜷・莠ｺ縲∝倶ｺｺ	a kind person	
844	personal	蠖｢	蛟倶ｺｺ逧・↑	a personal computer	
845	pet	蜷・繝壹ャ繝・have a pet	
846	phone	蜷・髮ｻ隧ｱ	Can I use this phone?	
847	photo	蜷・蜀咏悄	take a photo	
848	photographer	蜷・蜀咏悄螳ｶ縲√き繝｡繝ｩ繝槭Φ	want to be a photographer	
849	phrase	蜷・陦ｨ迴ｾ縲√ヵ繝ｬ繝ｼ繧ｺ	use the phrase	
850	pianist	蜷・繝斐い繝九せ繝・a good pianist	
851	piano	蜷・繝斐い繝・play the piano	
852	pick	蜍・繝ｻ繝ｻ繝ｻ繧貞叙繧贋ｸ翫￡繧九∵遭繧	pick 窶ｦ up	
853	picture	蜷・邨ｵ縲∝・逵・take a picture	
854	piece	蜷・・大九・ｼ代▽縲∽ｸ譫壹∽ｸ迚・ｼ・ piece of 繝ｻ繝ｻ繝ｻ・・a piece of paper / a piece of cake	
855	place	蜷・蝣ｴ謇	in this place	
856	plan	蜷・險育判縲√・繝ｩ繝ｳ	have some plans	
857	plan	蜍・・郁｡悟虚縺ｪ縺ｩ・峨・險育判・井ｺ亥ｮ夲ｼ峨ｒ遶九※繧・plan our party	
858	plane	蜷・鬟幄｡梧ｩ・on a plane	
859	plant	蜷・讀咲黄縲∬拷闃ｱ	animals and plants	
860	plastic	蠖｢	繝励Λ繧ｹ繝√ャ繧ｯ陬ｽ縺ｮ縲√ン繝九・繝ｫ陬ｽ縺ｮ	a plastic bag	
861	play	蜍・驕翫・縲・ｼ域･ｽ蝎ｨ・峨ｒ貍泌･上☆繧九・ｼ医せ繝昴・繝・ｼ峨ｒ縺吶ｋ	play tennis	
862	player	蜷・驕ｸ謇九∵ｼ泌･剰・a violin player	
863	please	髢・縺ｩ縺・◇縲√←縺・°	Please come in.	
864	point	蜷・繝昴う繝ｳ繝医・轤ｹ縲∬ｦ∫せ縲∬・∴	the most difficult point / That's my point.	
865	point	蜍・謖・＆縺・point to the sun	
866	police	蜷・隴ｦ蟇・the New York police	
867	poor	蠖｢	雋ｧ縺励＞縲√°繧上＞縺昴≧縺ｪ	a poor little boy	
868	popular	蠖｢	莠ｺ豌励・縺ゅｋ	a popular musician	
869	possible	蠖｢	蜿ｯ閭ｽ縺ｪ	It is possible to 窶ｦ	
870	post office	蜷・驛ｵ萓ｿ螻	go to the post office	
871	postcard	蜷・縺ｯ縺後″	send a postcard	
872	power	蜷・蜉帙∝虚蜉帙・崕蜉・wind power	
873	practice	蜍・繝ｻ繝ｻ繝ｻ繧堤ｷｴ鄙偵☆繧・practice tennis	
874	prepare	蜍・繝ｻ繝ｻ繝ｻ繧呈ｺ門ｙ縺吶ｋ	prepare breakfast	
875	present	蜷・雍医ｊ迚ｩ縲√・繝ｬ繧ｼ繝ｳ繝・a birthday present from her	
876	pretty	蠖｢	縺九ｏ縺・＞	a pretty doll	
877	price	蜷・萓｡譬ｼ縲∝､谿ｵ	complain about high prices	
878	probably	蜑ｯ	縺翫◎繧峨￥	It will probably rain soon.	
879	problem	蜷・蝠城｡後√ヨ繝ｩ繝悶Ν	a big problem	
880	produce	蜍・繝ｻ繝ｻ繝ｻ繧堤函縺ｿ蜃ｺ縺吶∫肇蜃ｺ縺吶ｋ	produce enough food	
881	program	蜷・險育判縲・ｼ医ユ繝ｬ繝薙ｄ繝ｩ繧ｸ繧ｪ縺ｮ・臥分邨・a TV program	
882	promise	蜷・邏・據	break our promise	
883	protect	蜍・繝ｻ繝ｻ繝ｻ繧剃ｿ晁ｭｷ縺吶ｋ縲∝ｮ医ｋ	protect the environment	
884	purpose	蜷・逶ｮ逧・the purpose of the plan	
885	push	蜍・繝ｻ繝ｻ繝ｻ繧呈款縺・push the door	
886	put	蜍・繝ｻ繝ｻ繝ｻ繧堤ｽｮ縺上縲頑ｴｻ逕ｨ縲却ut-put	put the coin on the desk	
887	question	蜷・雉ｪ蝠上∫桝蝠上∝撫鬘・answer the question	
888	quick	蠖｢	騾溘＞縲√☆縺ｰ繧・＞縲∫洒譎る俣蜀・・	a quick answer	
889	quickly	蜑ｯ	騾溘￥縲∵･縺・〒縲√☆縺ｰ繧・￥	move quickly	
890	quiet	蠖｢	髱吶°縺ｪ	a quiet place	
891	quietly	蜑ｯ	髱吶°縺ｫ	open the door quietly	
892	quite	蜑ｯ	蜈ｨ縺上√☆縺｣縺九ｊ縲∝ｮ悟・縺ｫ	It was quite dark.	
893	quiz	蜷・繧ｯ繧､繧ｺ縲∬ｩｦ鬨・give the students a quiz in math class	
894	racket	蜷・・医ユ繝九せ繧・酷逅・・・峨Λ繧ｱ繝・ヨ	buy a new racket	
895	radio	蜷・繝ｩ繧ｸ繧ｪ	listen to the radio	
896	rain	蜷・髮ｨ	stand in the rain	
897	rain	蜍・髮ｨ縺碁剄繧・It began to rain. / It rained yesterday.	
898	rainy	蠖｢	髮ｨ縺ｮ	a rainy day	
899	raise	蜍・繝ｻ繝ｻ繝ｻ繧剃ｸ頑・縺輔○繧九∽ｸ翫￡繧・raise my hand	
900	reach	蜍・繝ｻ繝ｻ繝ｻ縺ｫ蛻ｰ逹縺吶ｋ縲∝芦驕斐☆繧・reach the station	
901	read	蜍・繝ｻ繝ｻ繝ｻ繧定ｪｭ繧縲縲頑ｴｻ逕ｨ縲脚ead-read・育匱髻ｳ豕ｨ諢擾ｼ・read a book	
902	ready	蠖｢	逕ｨ諢上・縺ｧ縺阪◆	Are you ready?	
903	real	蠖｢	譛ｬ蠖薙・	the real reason	
904	really	蜑ｯ	竭譛ｬ蠖薙↓縲√→縺ｦ繧ゅ竭｡・育嶌謇九・逋ｺ險縺ｫ蟇ｾ縺励※・画悽蠖薙〒縺吶°	竭really interesting縲竭｡Oh, really?	
905	reason	蜷・逅・罰	the real reason for 窶ｦ	
906	receive	蜍・繝ｻ繝ｻ繝ｻ繧貞女縺大叙繧・receive a letter	
907	recently	蜑ｯ	譛霑代∬ｿ代＃繧・I got a letter from her recently.	
908	recycle	蜍・繝ｻ繝ｻ繝ｻ繧貞・蛻ｩ逕ｨ縺吶ｋ	recycle newspapers	
909	red	蜷阪・蠖｢	襍､・医・・峨∬ｵ､濶ｲ・医・・・buy a red bag	
910	reduce	蜍・繝ｻ繝ｻ繝ｻ繧呈ｸ帙ｉ縺・reduce waste of food	
911	refer to		繝ｻ繝ｻ繝ｻ繧堤､ｺ縺吶∬｡ｨ縺・The word refers to 窶ｦ	
912	refuse	蜍・繝ｻ繝ｻ繝ｻ繧呈妙繧・refuse his help	
913	regular	蠖｢	隕丞援逧・↑縲∬ｦ丞援豁｣縺励＞縲√＞縺､繧ゅ・	have regular meetings	
914	relax	蜍・繝ｻ繝ｻ繝ｻ縺ｮ邱雁ｼｵ繧偵⊇縺舌☆縲√￥縺､繧阪＄	relax and enjoy the movie	
915	remember	蜍・繝ｻ繝ｻ繝ｻ繧呈昴＞蜃ｺ縺吶∬ｦ壹∴縺ｦ縺・ｋ	remember her name	
916	remove	蜍・繝ｻ繝ｻ繝ｻ繧貞叙繧企勁縺・remove the books from the desk	
917	repair	蜍・繝ｻ繝ｻ繝ｻ繧堤峩縺吶∽ｿｮ郢輔☆繧・repair the shoes	
918	report	蜷・蝣ｱ蜻翫√Ξ繝昴・繝・write a report about ...	
919	report	蜍・繝ｻ繝ｻ繝ｻ繧貞ｱ蜻翫☆繧・report the accident to us	
920	research	蜷・遐皮ｩｶ縲∬ｪｿ譟ｻ	interesting research	
921	respect	蜷・蟆頑噴	have a great respect for human life	
922	respect	蜍・繝ｻ繝ｻ繝ｻ繧貞ｰ頑噴縺吶ｋ	respect her for her hard work	
923	respond	蜍・蜿榊ｿ懊☆繧九∝ｿ懃ｭ斐☆繧・respond to the question	
924	responsible	蠖｢	雋ｬ莉ｻ縺ｮ縺ゅｋ	be responsible for the job	
925	rest	蜍・莨第・縺吶ｋ	rest for half an hour	
926	restaurant	蜷・繝ｬ繧ｹ繝医Λ繝ｳ縲∵侭逅・ｺ・a French restaurant	
927	return	蜍・謌ｻ繧九∝ｸｰ繧・return home from school	
928	reuse	蜍・繝ｻ繝ｻ繝ｻ繧貞・蛻ｩ逕ｨ縺吶ｋ	reuse my brother's desk	
929	rice	蜷・邀ｳ縲√＃縺ｯ繧・eat rice every day	
930	rich	蠖｢	驥第戟縺｡縺ｮ縲∬ｱ翫°縺ｪ	a rich person	
931	ride	蜍・繝ｻ繝ｻ繝ｻ縺ｫ荵励ｋ縲縲縲頑ｴｻ逕ｨ縲脚ode-ridden	ride a horse	
932	right	蜷・竭蜿ｳ 竭｡讓ｩ蛻ｩ	竭on your right縲竭｡human rights	
933	right	蠖｢	竭豁｣縺励＞ 竭｡蜿ｳ縺ｮ	竭the right answer縲竭｡the right side of the road	
934	river	蜷・蟾昴∵ｲｳ蟾・along the river	
935	road	蜷・驕楢ｷｯ縲・％	the road to Kyoto	
936	rock	蜷・蟯ｩ縲∝ｲｩ遏ｳ	a large rock	
937	roof	蜷・螻区ｹ縲縲願､・焚縲脚oofs	on the roof	
938	room	蜷・驛ｨ螻・a small room	
939	round	蠖｢	荳ｸ縺・∝・蠖｢縺ｮ	a round table	
940	rule	蜷・隕丞援	break a rule	
941	run	蜍・襍ｰ繧九縲頑ｴｻ逕ｨ縲脚an-run	run in a park	
942	sad	蠖｢	謔ｲ縺励＞	look sad	
943	safe	蠖｢	螳牙・縺ｪ	a safe place	
944	same	蠖｢	蜷後§縲∝酔讒倥・	We were born in the same hospital.	
945	Saturday	蜷・蝨滓屆譌･	on Saturday	
946	save	蜍・繝ｻ繝ｻ繝ｻ繧呈舞縺・∝勧縺代ｋ縲・ｼ医♀驥托ｼ峨ｒ縺溘ａ繧・save his life	
947	say	蜍・繝ｻ繝ｻ繝ｻ縺ｨ險縺・縲頑ｴｻ逕ｨ縲虐aid-said	say "Hello"	
948	scene	蜷・譎ｯ濶ｲ縲∝・譎ｯ	enjoy a beautiful scene	
949	school	蜷・蟄ｦ譬｡	go to school	
950	science	蜷・遘大ｭｦ	I study science.	
951	scientist	蜷・遘大ｭｦ閠・a great scientist	
952	sea	蜷・豬ｷ	go to the sea	
953	season	蜷・蟄｣遽	the four seasons	
954	seat	蜷・蠎ｧ蟶ｭ縲√＞縺・take a seat	
955	second	蜷阪・蠖｢	・堤分繧・ｼ医・・・on the second floor	
956	see	蜍・繝ｻ繝ｻ繝ｻ繧定ｦ九ｋ縲√・繝ｻ繝ｻ縺ｫ莨壹≧縲√・繝ｻ繝ｻ縺悟・縺九ｋ縲縲頑ｴｻ逕ｨ縲虐aw-seen	see my teacher	
957	sell	蜍・繝ｻ繝ｻ繝ｻ繧貞｣ｲ繧・ 縲頑ｴｻ逕ｨ縲虐old-sold	sell our house	
958	send	蜍・繝ｻ繝ｻ繝ｻ繧帝√ｋ縲縲頑ｴｻ逕ｨ縲虐ent-sent	send a letter to her	
959	sense	蜷・諢溯ｦ壹∵э蜻ｳ	make sense・郁ｩｱ繝ｻ譁・↑縺ｩ縺鯉ｼ画э蜻ｳ繧偵↑縺吶・諢丞袖縺碁壹ｋ	
960	sentence	蜷・譁・a long sentence	
961	September	蜷・・呎怦	in September	
962	serious	蠖｢	驥榊､ｧ縺ｪ縲∵ｷｱ蛻ｻ縺ｪ縲∵悽豌励・	a serious problem	
963	serve	蜍・・磯｣滉ｺ具ｼ峨ｒ蜃ｺ縺吶∫ｵｦ莉輔☆繧・Breakfast is served here.	
964	set	蜍・繝ｻ繝ｻ繝ｻ繧堤ｽｮ縺上∽ｸｦ縺ｹ繧九・ｼ磯｣溷酷・峨・貅門ｙ繧偵☆繧・ 縲頑ｴｻ逕ｨ縲虐et-set	set the table for dinner	
965	seven	蜷阪・蠖｢	・暦ｼ医・・・at seven o'clock	
966	seventeen	蜷阪・蠖｢	・托ｼ暦ｼ医・・・I'm seventeen years old.	
967	seventh	蜷阪・蠖｢	・礼分繧・ｼ医・・・on the seventh floor	
968	seventy	蜷阪・蠖｢	・暦ｼ撰ｼ医・・・at the age of seventy	
969	several	蠖｢	縺・￥縺､縺九・縲√＞縺上ｉ縺九・縲∵焚莠ｺ・亥具ｼ峨・	stay here for several days	
970	shall	蜉ｩ	・域署譯医∫筏縺怜・縺ｧ逍大撫譁・ｼ峨・繝ｻ繝ｻ縺励∪縺励ｇ縺・°	Shall we 窶ｦ?	
971	shape	蜷・蠖｢	a different shape	
972	share	蜍・繝ｻ繝ｻ繝ｻ繧貞・譛峨☆繧九∝・縺九■蜷医≧	share this room with 窶ｦ	
973	she	莉｣	蠖ｼ螂ｳ縺ｯ縲∝ｽｼ螂ｳ縺・She is a junior high school student.	
974	ship	蜷・闊ｹ	get on a ship	
975	shirt	蜷・繧ｷ繝｣繝・wear a shirt	
976	shock	蜍・繝ｻ繝ｻ繝ｻ縺ｫ陦晄茶繧剃ｸ弱∴繧九√す繝ｧ繝・け繧剃ｸ弱∴繧・The news shocked her.	
977	shoe	蜷・・磯壻ｾ・・枹) 髱ｴ	wear shoes	
978	shop	蜷・蠎・a flower shop	
979	shop	蜍・雋ｷ縺・黄繧偵☆繧・shop at the convenience store	
980	short	蠖｢	遏ｭ縺・∫洒譎る俣縺ｮ	for a short time	
981	should	蜉ｩ	・育ｾｩ蜍呻ｼ峨・繝ｻ繝ｻ縺吶∋縺阪〒縺ゅｋ	You should go now.	
982	show	蜍・(・槭↓・峨・繝ｻ繝ｻ繧定ｦ九○繧九∫､ｺ縺・縲頑ｴｻ逕ｨ縲虐howed-shown	show her my picture / show her how to draw a picture	
983	shrine	蜷・逾樒､ｾ	visit the shrine	
984	shy	蠖｢	蜀・ｰ励↑縲∵▼縺壹°縺励′繧翫・	He is very shy.	
985	sick	蠖｢	逞・ｰ励・	She is sick.	
986	side	蜷・蛛ｴ縲・擇	a dark side of the history	
987	sightseeing	蜷・隕ｳ蜈峨∬ｦ狗黄	go sightseeing in Kyoto	
988	sign	蜷・讓呵ｭ倥∬ｺｫ謖ｯ繧翫・蜷亥峙	a street sign	
989	similar	蠖｢	繧医￥莨ｼ縺・be similar to 窶ｦ	
990	simple	蠖｢	蜊倡ｴ斐↑縲√ｏ縺九ｊ繧・☆縺・a simple question	
991	since	蜑・繝ｻ繝ｻ繝ｻ莉･譚･縲√・繝ｻ繝ｻ縺九ｉ	since yesterday	
992	since	謗･	繝ｻ繝ｻ繝ｻ莉･譚･縲√・繝ｻ繝ｻ縺九ｉ	since I saw him last year	
993	sing	蜍・豁後≧縲√・繝ｻ繝ｻ繧呈ｭ後≧ 縲頑ｴｻ逕ｨ縲虐ang-sung	sing a song	
994	singer	蜷・豁梧焔	a famous singer	
995	sister	蜷・蟋牙ｦｹ縲∝ｧ峨∝ｦｹ	brothers and sisters	
996	sit	蜍・縺吶ｏ繧九縲頑ｴｻ逕ｨ縲虐at-sat	sit on a chair	
997	situation	蜷・迥ｶ豕√∫ｫ句ｴ	in a dangerous situation	
998	six	蜷阪・蠖｢	・厄ｼ医・・・at six o'clock	
999	sixteen	蜷阪・蠖｢	・托ｼ厄ｼ医・・・at the age of sixteen	
1000	sixteenth	蜷阪・蠖｢	・托ｼ也分繧・ｼ医・・・in the sixteenth century	
1001	sixth	蜷阪・蠖｢	・也分繧・ｼ医・・・on the sixth floor	
1002	sixty	蜷阪・蠖｢	・厄ｼ撰ｼ医・・・He is sixty years old.	
1003	size	蜷・螟ｧ縺阪＆	the size of a desk	
1004	skate	蜍・繧ｹ繧ｱ繝ｼ繝医ｒ縺吶ｋ	Do you skate often?	
1005	ski	蜍・繧ｹ繧ｭ繝ｼ繧偵☆繧・I often ski in winter.	
1006	skill	蜷・謚陦・an important skill	
1007	sky	蜷・遨ｺ	the blue sky	
1008	sleep	蜍・逵繧・縲頑ｴｻ逕ｨ縲虐lept-slept	sleep well	
1009	sleepy	蠖｢	逵縺・∫悛縺昴≧縺ｪ	feel sleepy	
1010	slowly	蜑ｯ	繧・▲縺上ｊ縺ｨ	drive slowly	
1011	small	蠖｢	蟆上＆縺・a small desk	
1012	smile	蜍・縺ｻ縺ｻ縺医・縲√↓縺｣縺薙ｊ縺吶ｋ	smile at the boy	
1013	smile	蜷・縺ｻ縺ｻ縺医∩縲∫ｬ鷹｡・a big smile on her face	
1014	snow	蜷阪・蜍・髮ｪ縲・妛縺碁剄繧・We had a lot of snow. / It snowed a lot.	
1015	snowy	蠖｢	髮ｪ縺ｮ髯阪ｋ	a snowy day	
1016	so	蜑ｯ	竭縺昴ｓ縺ｪ縺ｫ縲竭｡縺昴・繧医≧縺ｫ・亥燕霑ｰ縺ｮ縺薙→縺ｰ繧偵＆縺呻ｼ・竭so happy 縲竭｡ I think so.	
1017	so	謗･	縺縺九ｉ縲√◎繧後〒	It was raining, so I didn't go out.	
1018	soccer	蜷・繧ｵ繝・き繝ｼ	play soccer	
1019	soft	蠖｢	譟斐ｉ縺九＞	a soft sweater	
1020	solve	蜍・繝ｻ繝ｻ繝ｻ繧定ｧ｣豎ｺ縺吶ｋ	solve the problem	
1021	some	蠖｢繝ｻ莉｣	縺・￥縺､縺九・縲√≠繧九・繝ｻ繝ｻ縲∽ｽ穂ｺｺ縺九√＞縺上▽縺・some cars / some of them	
1022	someday	蜑ｯ	縺・▽縺九√◎縺ｮ縺・■	go to Australia someday	
1023	someone	莉｣	隱ｰ縺・ask someone	
1024	something	莉｣	菴輔°縲√≠繧狗黄・井ｺ具ｼ・something to drink	
1025	sometimes	蜑ｯ	縺ｨ縺阪←縺・sometimes play tennis	
1026	son	蜷・諱ｯ蟄・my son	
1027	song	蜷・豁・listen to a song	
1028	soon	蜑ｯ	繧ゅ≧縺吶＄縲√∪繧ゅ↑縺・come back soon	
1029	sorry	蠖｢	・医・繝ｻ繝ｻ縺励※・臥筏縺苓ｨｳ縺ｪ縺乗昴▲縺ｦ縲・ｼ医・繝ｻ繝ｻ縺励※・峨°繧上＞縺昴≧縺ｪ(that繝ｻ繝ｻ繝ｻ)	be sorry for her / I'm sorry that you couldn't come yesterday.	笳・
1030	sound	蜷・髻ｳ	a beautiful sound	
1031	sound	蜍・繝ｻ繝ｻ繝ｻ縺ｮ繧医≧縺ｫ閨槭％縺医ｋ	sound good	
1032	south	蜷・蜊励∝漉驛ｨ	in the south of 窶ｦ	
1033	space	蜷・螳・ｮ吶∫ｩｺ髢・live in space	
1034	speak	蜍・繝ｻ繝ｻ繝ｻ繧定ｩｱ縺吶√・繝ｻ繝ｻ縺ｨ隧ｱ繧偵☆繧具ｼ・o 繝ｻ繝ｻ繝ｻ・峨縲頑ｴｻ逕ｨ縲虐poke-spoken	speak Japanese	
1035	special	蠖｢	迚ｹ蛻･縺ｮ縲∫音谿翫↑	a special skill	
1036	speech	蜷・貍碑ｪｬ縲∬ｬ帶ｼ斐√せ繝斐・繝・make a speech	
1037	spend	蜍・・磯≡繧・凾髢難ｼ峨ｒ雋ｻ繧・☆縲・ｼ域凾髢難ｼ峨ｒ驕弱＃縺・縲頑ｴｻ逕ｨ縲虐pent-spent	spend a lot of money / spend a week	
1038	sport	蜷・繧ｹ繝昴・繝・play sports	
1039	spring	蜷・譏･	in spring	
1040	stadium	蜷・遶ｶ謚蝣ｴ縲√せ繧ｿ繧ｸ繧｢繝	go to the stadium 	
1041	stage	蜷・闊槫床縲√せ繝・・繧ｸ	dance on the stage	
1042	stand	蜍・遶九▽縲∫ｫ九■荳翫′繧九縲頑ｴｻ逕ｨ縲虐tood-stood	stand by a door	
1043	star	蜷・譏溘・ｼ郁敢閭ｽ縺ｮ・峨せ繧ｿ繝ｼ	under the stars / a popular star	
1044	start	蜍・繝ｻ繝ｻ繝ｻ繧貞ｧ九ａ繧九√・繝ｻ繝ｻ繧偵＠蟋九ａ繧具ｼ・o繝ｻ繝ｻ繝ｻ縲√・繝ｻ繝ｻing)縲・蟋九∪繧・start to work	
1045	station	蜷・鬧・go to the station	
1046	stay	蜍・縺ｨ縺ｩ縺ｾ繧九∵ｻ槫惠縺吶ｋ縲∝ｮｿ豕翫☆繧・stay at a hotel	
1047	stay	蜷・貊槫惠	during my stay in London	
1048	step	蜷・荳豁ｩ縲√せ繝・ャ繝・the next step	
1049	still	蜑ｯ	縺ｾ縺縲∽ｻ翫〒繧・still remember it	
1050	stone	蜷・遏ｳ	throw a stone	
1051	stop	蜍・豁｢縺ｾ繧九√・繝ｻ繝ｻ繧呈ｭ｢繧√ｋ繝ｻ繧・ａ繧九√・繝ｻ繝ｻ縺吶ｋ縺ｮ繧偵ｄ繧√ｋ・医・繝ｻ繝ｻing・・stop talking	
1052	store	蜷・蠎・a toy store	
1053	story	蜷・隧ｱ縲∫黄隱・an interesting story	
1054	straight	蠖｢	縺ｾ縺｣縺吶＄縺ｪ	a straight line	
1055	straight	蜑ｯ	縺ｾ縺｣縺吶＄縺ｫ	go straight	
1056	strange	蠖｢	螂・ｦ吶↑縲∽ｸ肴晁ｭｰ縺ｪ縲∵悴遏･縺ｮ	a strange story	
1057	street	蜷・・郁｡励・・蛾壹ｊ縲∬｡苓ｷｯ	walk along the street	
1058	strong	蠖｢	・亥鴨縺鯉ｼ牙ｼｷ縺・√§繧・≧縺ｶ縺ｪ	a strong body	
1059	student	蜷・逕溷ｾ偵∝ｭｦ逕・a junior high school student	
1060	study	蜍・繝ｻ繝ｻ繝ｻ繧貞級蠑ｷ縺吶ｋ	study English	
1061	style	蜷・・域恪陬・↑縺ｩ縺ｮ・峨せ繧ｿ繧､繝ｫ縲・ｼ域ｵ∬｡後・・牙梛	a Japanese style	
1062	subject	蜷・謨咏ｧ代∬ｩｱ鬘・my favorite subject / change the subject 	
1063	such	蠖｢	縺昴・繧医≧縺ｪ縲√◎繧薙↑縲√≠繧薙↑	such a book	
1064	suddenly	蜑ｯ	遯∫┯	Suddenly, the door opened.	
1065	suffer	蜍・繝ｻ繝ｻ繝ｻ繧呈ぅ縺・ｼ・rom・峨√・繝ｻ繝ｻ縺ｮ縺溘ａ縺ｫ闍ｦ縺励・	suffer from a headache	
1066	sugar	蜷・遐らｳ・pass the sugar	
1067	summer	蜷・螟・in summer	
1068	sun	蜷・螟ｪ髯ｽ	under the sun	
1069	Sunday	蜷・譌･譖懈律	on Sunday	
1070	sunny	蠖｢	譌･縺ｮ辣ｧ縺｣縺ｦ縺・ｋ縲∵匐繧梧ｸ｡縺｣縺・on a sunny day	
1071	supermarket	蜷・繧ｹ繝ｼ繝代・繝槭・繧ｱ繝・ヨ	go to the supermarket	
1072	support	蜍・繝ｻ繝ｻ繝ｻ繧呈髪謖√☆繧九∵髪謠ｴ縺吶ｋ縲∵髪縺医ｋ	support his family	
1073	sure	蜑ｯ	・郁ｿ比ｺ九〒・峨ｂ縺｡繧阪ｓ	"Can I come in?"  "Sure."	
1074	sure	蠖｢	・医・繝ｻ繝ｻ繧抵ｼ臥｢ｺ菫｡縺励※(that繝ｻ繝ｻ繝ｻ)	I'm sure that you will win the game.	笳・
1075	surprised	蠖｢	鬩壹＞縺溘・ｼ医・繝ｻ繝ｻ縺励※・蛾ｩ壹￥・・o繝ｻ繝ｻ繝ｻ・峨・ｼ医・繝ｻ繝ｻ縺ｫ・蛾ｩ壹￥・・t繝ｻ繝ｻ繝ｻ・峨	be surprised to hear the news / be surprised at the news	
1076	survive	蜍・逕溘″谿九ｋ	Only two people survived.	
1077	sweater	蜷・繧ｻ繝ｼ繧ｿ繝ｼ	wear the sweater	
1078	sweet	蠖｢	逕倥＞	a sweet apple	
1079	swim	蜍・豕ｳ縺舌縲頑ｴｻ逕ｨ縲虐wam-swum	swim in the sea	
1080	symbol	蜷・雎｡蠕ｴ縲√す繝ｳ繝懊Ν	a symbol of peace	
1081	system	蜷・陬・ｽｮ縲∵婿蠑上√す繧ｹ繝・Β	introduce a new system	
1082	table	蜷・繝・・繝悶Ν	sit around a table	
1083	table tennis	蜷・蜊鍋帥	play table tennis	
1084	take	蜍・竭・域凾髢薙↑縺ｩ縺鯉ｼ峨°縺九ｋ縲≫贈繝ｻ繝ｻ繝ｻ繧呈戟縺｣縺ｦ縺・￥縲・｣繧後※陦後￥縲≫造繝ｻ繝ｻ繝ｻ繧定ｲｷ縺・・驕ｸ縺ｶ縲≫促・井ｹ励ｊ迚ｩ縺ｫ・我ｹ励ｋ縲≫側・亥・逵滂ｼ峨ｒ縺ｨ繧・縲頑ｴｻ逕ｨ縲逆ook-taken	竭take time 竭｡take him to 窶ｦ 竭｢I'll take it. 竭｣take a bus 竭､take a picture	
1085	talk	蜍・隧ｱ縺・talk about music	
1086	tall	蠖｢	竭鬮倥＞縲竭｡霄ｫ髟ｷ・磯ｫ倥＆・峨′繝ｻ繝ｻ繝ｻ縺ｧ	竭a tall building 縲竭｡The child is one meter tall.	
1087	taste	蜷・蜻ｳ	a strange taste	
1088	taste	蜍・繝ｻ繝ｻ繝ｻ縺ｪ蜻ｳ縺後☆繧・taste delicious	
1089	taxi	蜷・繧ｿ繧ｯ繧ｷ繝ｼ	take a taxi	
1090	tea	蜷・闌ｶ繝ｻ邏・幻	a cup of tea	
1091	teach	蜍・・茨ｽ槭↓・峨・繝ｻ繝ｻ繧呈蕗縺医ｋ  縲頑ｴｻ逕ｨ縲逆aught-taught	teach them English / teach them how to use the computer	
1092	teacher	蜷・蜈育函縲∵蕗蟶ｫ	She is our teacher.	
1093	team	蜷・繝√・繝	join the baseball team	
1094	technology	蜷・遘大ｭｦ謚陦・new technology	
1095	tell	蜍・竭・茨ｽ槭↓・峨・繝ｻ繝ｻ繧定ｨ縺・∵蕗縺医ｋ  竭｡・茨ｽ槭↓・峨・繝ｻ繝ｻ縺吶ｋ繧医≧縺ｫ險縺・ｼ・o 繝ｻ繝ｻ繝ｻ・・縲頑ｴｻ逕ｨ縲逆old-told 	竭tell him the story 縲竭｡tell him to do his homework	
1096	temperature	蜷・貂ｩ蠎ｦ縲∵ｰ玲ｸｩ	the temperature in Osaka	
1097	temple	蜷・蟇ｺ	an old temple	
1098	ten	蜷阪・蠖｢	・托ｼ撰ｼ医・・・There are ten students in the room.	
1099	tennis	蜷・繝・ル繧ｹ	play tennis	
1100	tenth	蜷阪・蠖｢	・托ｼ千分繧・ｼ医・・・live on the tenth floor	
1101	terrible	蠖｢	諱舌ｍ縺励＞縲√・縺ｩ縺・The news is so terrible.	
1102	test	蜷・隧ｦ鬨・give the students a test in math class	
1103	textbook	蜷・謨咏ｧ第嶌	read the textbook	
1104	than	謗･	繝ｻ繝ｻ繝ｻ繧医ｊ繧・older than 窶ｦ	
1105	thank	蜍・繝ｻ繝ｻ繝ｻ縺ｫ諢溯ｬ昴☆繧・Thank you for your letter.	
1106	that	莉｣繝ｻ蠖｢	縺ゅｌ縺ｯ・医′・峨√≠繧後ｒ・医↓・峨√≠縺ｮ繝ｻ繝ｻ繝ｻ 縲願､・焚縲逆hose	That is my book. / That book is mine.	
1107	that	髢｢繝ｻ莉｣	繝ｻ繝ｻ繝ｻ縺吶ｋ・医〒縺ゅｋ・会ｼ應ｺｺ繝ｻ繧ゅ・・槭蝉ｸｻ譬ｼ縲・a shop that sells a lot of CDs	
1108	that	髢｢繝ｻ莉｣	・槭′繝ｻ繝ｻ繝ｻ縺吶ｋ・應ｺｺ繝ｻ繧ゅ・・槭千岼逧・ｼ縲・the book that he wrote	
1109	the	蜀	縺昴・繝ｻ繝ｻ繝ｻ	the book / the temple	
1110	theater	蜷・蜉・ｴ	go to the theater	
1111	their	莉｣	蠖ｼ繧峨・繝ｻ蠖ｼ螂ｳ繧峨・縲√◎繧後ｉ縺ｮ	clean their rooms	
1112	theirs	莉｣	蠖ｼ繧峨・繧ゅ・繝ｻ蠖ｼ螂ｳ繧峨・繧ゅ・縲√◎繧後ｉ縺ｮ繧ゅ・	The house is theirs.	
1113	them	莉｣	蠖ｼ繧峨ｒ・医↓・峨・蠖ｼ螂ｳ繧峨ｒ・医↓・峨√◎繧後ｉ繧抵ｼ医↓・・I told them the story.	
1114	then	蜑ｯ	縺昴・譎ゅ・縺昴・・医≠縺ｮ・蛾・・蠖捺凾縲√◎繧後°繧峨√◎縺・☆繧九→	Just then it began to rain.	
1115	then	蜷・縺昴・譎・since then	
1116	there	蜑ｯ	縺昴％縺ｫ・医∈縲√〒・・There is a book on the desk. / go there	
1117	these	莉｣繝ｻ蠖｢	縺薙ｌ繧峨・・医′・峨√％繧後ｉ繧抵ｼ医↓・峨√％繧後ｉ縺ｮ	These are my books. / These books are mine.	
1118	they	莉｣	蠖ｼ繧峨・・医′・峨・蠖ｼ螂ｳ繧峨・・医′・峨√◎繧後ｉ縺ｯ・医′・・They live in Osaka.	
1119	thing	蜷・繧ゅ・	an interesting thing	
1120	think	蜍・諤昴≧縲∬・∴繧・ 縲頑ｴｻ逕ｨ縲・thought-thought	I think that 窶ｦ	
1121	third	蜷阪・蠖｢	・鍋分繧・ｼ医・・・on the third floor	
1122	thirsty	蠖｢	縺ｮ縺ｩ縺梧ｸ・＞縺・feel thirsty	
1123	thirteen	蜷阪・蠖｢	・托ｼ難ｼ医・・・He is thirteen years old.	
1124	thirteenth	蜷阪・蠖｢	・托ｼ鍋分繧・ｼ医・・・the thirteenth street	
1125	thirtieth	蜷阪・蠖｢	・難ｼ千分繧・ｼ医・・・his thirtieth birthday	
1126	thirty	蜷阪・蠖｢	・難ｼ撰ｼ医・・・She is thirty years old.	
1127	this	莉｣繝ｻ蠖｢	縺薙ｌ縺ｯ・医′・峨√％繧後ｒ・医↓・峨√％縺ｮ繝ｻ繝ｻ繝ｻ  縲願､・焚縲逆hese	Is this your book? / Is this book yours?	
1128	those	莉｣繝ｻ蠖｢	縺ゅｌ繧峨・・医′・峨・縺昴ｌ繧峨・・医′・峨√≠繧後ｉ繧抵ｼ医↓・峨・縺昴ｌ繧峨ｒ・医↓・峨√≠繧後ｉ縺ｮ繝ｻ縺昴ｌ繧峨・	Are those your books? / Are those books yours?	
1129	though	謗･	繝ｻ繝ｻ繝ｻ縺縺代ｌ縺ｩ繧ゅ√・繝ｻ繝ｻ縺ｫ繧ゅ°縺九ｏ繧峨★	We went out, though it began to rain.	
1130	thought	蜷・閠・∴	my thought	
1131	thousand	蜷阪・蠖｢	1,000・医・・・three thousand people	
1132	three	蜷阪・蠖｢	・難ｼ医・・・three children	
1133	through	蜑・竭繝ｻ繝ｻ繝ｻ繧帝壹▲縺ｦ縲竭｡・域焔谿ｵ・峨・繝ｻ繝ｻ繧帝壹§縺ｦ	竭drive through the town 縲竭｡through the Internet	
1134	throw	蜍・繝ｻ繝ｻ繝ｻ繧呈兜縺偵ｋ  縲頑ｴｻ逕ｨ縲逆hrew-thrown	throw a ball to her	
1135	Thursday	蜷・譛ｨ譖懈律	on Thursday	
1136	ticket	蜷・蛻・ｬｦ縲√メ繧ｱ繝・ヨ	buy a ticket to Tokyo	
1137	tiger	蜷・繝医Λ	see a big tiger	
1138	time	蜷・竭譎る俣繝ｻ譎ょ綾縲竭｡蝗槭竭｢・郁､・焚蠖｢縺ｧ・画凾莉｣	竭have a good time縲竭｡several times縲竭｢in old times	
1139	tired	蠖｢	逍ｲ繧後◆	I'm very tired.	
1140	title	蜷・鬘悟錐縲√ち繧､繝医Ν	the title of the movie	
1141	to	蜑・・域婿蜷代・蛻ｰ驕皮せ・峨・繝ｻ繝ｻ縺ｸ繝ｻ縺ｾ縺ｧ	to the station	
1142	today	蜷阪・蜑ｯ	莉頑律・医・・峨・譛ｬ譌･・医・・峨∫樟莉｣縺ｧ縺ｯ縲・How are you today?	
1143	together	蜑ｯ	荳邱偵↓	Let's go swimming together.	
1144	tomorrow	蜷阪・蜑ｯ	譏取律・医・・・It will rain tomorrow.	
1145	tonight	蜷阪・蜑ｯ	莉頑勦・医・・・I'll stay at home tonight.	
1146	too	蜑ｯ	竭繝ｻ繝ｻ繝ｻ繧ゅ∪縺溘竭｡縺ゅ∪繧翫↓繝ｻ繝ｻ繝ｻ縺吶℃繧・竭Me, too.  竭｡I'm too tired to walk.	
1147	tooth	蜷・豁ｯ  縲願､・焚縲逆eeth	lose a tooth	
1148	toothache	蜷・豁ｯ逞・have a toothache	
1149	top	蜷・鬆ゆｸ翫√※縺｣縺ｺ繧・the top of the mountain	
1150	topic	蜷・隧ｱ鬘後・繝医ヴ繝・け縲∽ｸｻ鬘後・繝・・繝・change the topic	
1151	total	蜷阪・蠖｢	邱剰ｨ茨ｼ医・・峨∝・菴難ｼ医・・峨∝・驛ｨ・医・・・a total number	
1152	touch	蜍・縺輔ｏ繧・Don't touch the picture.	
1153	tour	蜷・・郁ｦｳ蜈会ｼ画羅陦・a bus tour	
1154	town	蜷・逕ｺ	I was born in a small town.	
1155	toy	蜷・縺翫ｂ縺｡繧・play with toys	
1156	tradition	蜷・莨晉ｵｱ	have a long tradition	
1157	traditional	蠖｢	莨晉ｵｱ逧・↑	traditional Japanese music	
1158	train	蜷・髮ｻ霆・on a train	
1159	trash	蜷・繧ｴ繝溘・繧ｯ繧ｺ	pick up trash	
1160	travel	蜷・譌・｡・space travel	
1161	travel	蜍・譌・｡後☆繧・travel abroad	
1162	tree	蜷・譛ｨ	cut down the trees	
1163	trip	蜷・譌・｡・my trip to New York	
1164	trouble	蜷・蝗ｰ繧九％縺ｨ縲∬ｿｷ諠・have a lot of trouble	
1165	true	蠖｢	譛ｬ蠖薙・縲∫悄螳溘・	a true story	
1166	try	蜍・隧ｦ縺吶√・繝ｻ繝ｻ縺励ｈ縺・→縺吶ｋ・・o 繝ｻ繝ｻ繝ｻ・・try to open the door	
1167	T-shirt	蜷・T繧ｷ繝｣繝・buy a blue T-shirt	
1168	Tuesday	蜷・轣ｫ譖懈律	on Tuesday	
1169	turn	蜍・竭・亥承繧・ｷｦ縺ｫ・画峇縺後ｋ縲・ｼ域婿蜷代ｒ・牙､峨∴繧九竭｡蝗槭☆	竭Turn left.縲竭｡turn the key	
1170	TV	蜷・繝・Ξ繝・watch TV	
1171	twelfth	蜷阪・蠖｢	・托ｼ堤分繧・ｼ医・・・December is the twelfth month of the year.	
1172	twelve	蜷阪・蠖｢	・托ｼ抵ｼ医・・・for twelve hours 	
1173	twentieth	蜷阪・蠖｢	・抵ｼ千分繧・ｼ医・・・in the twentieth century	
1174	twenty	蜷阪・蠖｢	・抵ｼ撰ｼ医・・・for twenty minutes	
1175	twice	蜑ｯ	・貞ｺｦ繝ｻ・貞屓	I have visited Osaka twice.	
1176	two	蜷阪・蠖｢	・抵ｼ医・・・two apples on the table	
1177	type	蜷・蝙九√ち繧､繝・this type of bike	
1178	U.K.	蜷・闍ｱ蝗ｽ縲・｣蜷育視蝗ｽ	visit the U.K.	
1179	U.S.	蜷・繧｢繝｡繝ｪ繧ｫ蜷郁｡・嵜	live in the U.S.	
1180	umbrella	蜷・縺九＆	take an umbrella	
1181	uncle	蜷・縺翫§	my uncle living in Hokkaido	
1182	under	蜑・繝ｻ繝ｻ繝ｻ縺ｮ荳九↓	under the bed	
1183	understand	蜍・繝ｻ繝ｻ繝ｻ繧堤炊隗｣縺吶ｋ縲縲頑ｴｻ逕ｨ縲丘nderstood-understood	understand Japanese	
1184	underline	蜍・繝ｻ繝ｻ繝ｻ縺ｫ荳狗ｷ壹ｒ蠑輔￥	underline the word	
1185	uniform	蜷・蛻ｶ譛阪√Θ繝九ヵ繧ｩ繝ｼ繝	wear a school uniform	
1186	United States	蜷・繧｢繝｡繝ｪ繧ｫ蜷郁｡・嵜	go to the United States	
1187	university	蜷・・亥屁蟷ｴ蛻ｶ縺ｮ・牙､ｧ蟄ｦ	go to university	
1188	until	蜑・繝ｻ繝ｻ繝ｻ縺ｾ縺ｧ	until 11:00 p.m.	
1189	until	謗･	繝ｻ繝ｻ繝ｻ縺吶ｋ縺ｾ縺ｧ・医★縺｣縺ｨ・・until he finished his homework	
1190	up	蜑ｯ	竭荳翫∈縲∽ｸ翫′縺｣縺ｦ縲竭｡襍ｷ縺阪※縲∫ｫ九▲縺ｦ縲竭｢・井ｺｺ縺鯉ｼ画・髟ｷ縺励※	竭look up  竭｡get up  竭｢grow up	
1191	us	莉｣	遘√◆縺｡繧抵ｼ医↓・・tell us an interesting story	
1192	use	蜍・窶ｦ繧剃ｽｿ縺・use his dictionary	
1193	useful	蠖｢	萓ｿ蛻ｩ縺ｪ縲∝ｽｹ縺ｫ遶九▽	useful advice	
1194	usually	蜑ｯ	譎ｮ騾壹√◆縺・※縺・usually get up at seven	
1195	vacation	蜷・莨第嚊	during the vacation	
1196	various	蠖｢	縺輔∪縺悶∪縺ｪ縲√＞繧阪＞繧阪↑	in various ways	
1197	vegetable	蜷・驥手除	grow vegetables	
1198	very	蜑ｯ	縺ｨ縺ｦ繧ゅ・撼蟶ｸ縺ｫ	very happy	
1199	video	蜷・繝薙ョ繧ｪ	watch a video	
1200	view	蜷・竭逵ｺ繧√∬ｦ区匐縺励竭｡諢剰ｦ九∬・∴縲∬ｦ区婿	竭the view from the window縲竭｡our view of nature	
1201	village	蜷・譚・visit the village	
1202	violin	蜷・繝舌う繧ｪ繝ｪ繝ｳ	play the violin	
1203	visit	蜍・繝ｻ繝ｻ繝ｻ繧定ｨｪ縺ｭ繧九√・繝ｻ繝ｻ繧定ｨｪ繧後ｋ	visit London	
1204	visitor	蜷・險ｪ蝠剰・∬ｦｳ蜈牙ｮ｢	a visitor from Australia	
1205	voice	蜷・螢ｰ縲∬ｩｱ縺吝｣ｰ	in a loud voice	
1206	volleyball	蜷・繝舌Ξ繝ｼ繝懊・繝ｫ	play volleyball	
1207	volunteer	蜷・繝懊Λ繝ｳ繝・ぅ繧｢	volunteers to help children	
1208	wait	蜍・蠕・▽	wait for her	
1209	wake	蜍・襍ｷ縺阪ｋ縲√・繝ｻ繝ｻ繧定ｵｷ縺薙☆	wake up	
1210	walk	蜍・豁ｩ縺・walk into the room	
1211	walk	蜷・謨｣豁ｩ	take a walk	
1212	wall	蜷・螢・a picture on the wall	
1213	want	蜍・繝ｻ繝ｻ繝ｻ縺梧ｬｲ縺励＞縲√・繝ｻ繝ｻ縺励◆縺・→諤昴≧・・o 繝ｻ繝ｻ繝ｻ・・want to know his address	
1214	war	蜷・謌ｦ莠・during the war	
1215	warm	蠖｢	證悶°縺・warm weather	
1216	wash	蜍・繝ｻ繝ｻ繝ｻ繧呈ｴ励≧縲∵ｴ玲ｿｯ縺吶ｋ	wash my hands	
1217	waste	蜷・豬ｪ雋ｻ縲∫┌鬧・ｽｿ縺・a waste of time	
1218	waste	蜍・繝ｻ繝ｻ繝ｻ繧呈ｵｪ雋ｻ縺吶ｋ繝ｻ辟｡鬧・↓菴ｿ縺・Don't waste time.	
1219	watch	蜷・閻墓凾險・get a new watch	
1220	watch	蜍・繝ｻ繝ｻ繝ｻ繧定ｦ九ｋ	watch TV	
1221	water	蜷・豌ｴ	drink a lot of water	
1222	wave	蜷・豕｢	a big wave	
1223	wave	蜍・・域焔縺ｪ縺ｩ繧抵ｼ画険繧・wave my hands	
1224	way	蜷・竭・茨ｽ槭∈縺ｮ・蛾％縺ｮ繧翫竭｡譁ｹ豕輔竭｢轤ｹ・郁ｦｳ轤ｹ・・竭the way to the station縲竭｡the best way縲竭｢in many ways	
1225	we	莉｣	遘√◆縺｡縺ｯ・医′・・Can we go and see a movie?	
1226	weak	蠖｢	蠑ｱ縺・a weak voice	
1227	wear	蜍・繝ｻ繝ｻ繝ｻ繧堤捩縺ｦ縺・ｋ縲∬ｺｫ縺ｫ莉倥￠縺ｦ縺・ｋ縲√・縺・※縺・ｋ繝ｻ縺九・縺｣縺ｦ縺・ｋ 縲頑ｴｻ逕ｨ縲仇ore-worn	wear the black jacket	
1228	weather	蜷・螟ｩ豌・good weather	
1229	Wednesday	蜷・豌ｴ譖懈律	on Wednesday	
1230	week	蜷・騾ｱ縲・ｼ鷹ｱ髢・last week	
1231	weekend	蜷・騾ｱ譛ｫ	this weekend	
1232	welcome	蠖｢	豁楢ｿ弱＆繧後ｋ縲∝万繧薙〒霑弱∴繧峨ｌ繧・You are welcome.	
1233	welcome	髢・繧医≧縺薙◎縲√＞繧峨▲縺励ｃ縺・Welcome to our party.	
1234	well	蠖｢	蛛･蠎ｷ縺ｪ 縲頑ｴｻ逕ｨ縲誼etter-best	feel very well	
1235	well	蜑ｯ	荳頑焔縺ｫ 縲頑ｴｻ逕ｨ縲誼etter-best	play the piano very well	
1236	well	髢・縺医∴縺｣縺ｨ	Well, 窶ｦ	
1237	were	蜍・竭are縺ｮ驕主悉蠖｢ 竭｡・井ｻｮ螳壽ｳ輔〒・叡e蜍戊ｩ槭・驕主悉蠖｢	竭You were very kind. 竭｡If I were you, I would ask him for help.	笳・
1238	west	蜷・隘ｿ縲∬･ｿ驛ｨ	in the west of France	
1239	western	蠖｢	竭隘ｿ縺ｮ縲竭｡隘ｿ豢九・谺ｧ邀ｳ縺ｮ・・estern・・竭in the western sky縲竭｡the Western culture	
1240	what	逍代・莉｣	菴・What's this?	
1241	what	蠖｢	竭・育桝蝠乗枚縺ｧ・我ｽ輔・縲√←繧薙↑縲竭｡・域─蝌・枚縺ｧ・峨↑繧薙→	竭What color do you like? 竭｡What a big tree!	笳・
1242	when	逍代・蜑ｯ	縺・▽	When did you arrive here?	
1243	when	謗･	・医・繝ｻ繝ｻ・峨☆繧区凾縺ｫ縲・ｼ医・繝ｻ繝ｻ・峨☆繧九→	He came back when I was watching TV.	
1244	where	逍代・蜑ｯ	縺ｩ縺薙↓・医〒・峨√←縺薙∈	Where are you going?	
1245	which	逍代・莉｣	縺ｩ縺｡繧峨√←繧・Which is your book, this one or that one?	
1246	which	逍代・蠖｢	縺ｩ縺｡繧峨・縲√←縺ｮ	Which bus goes to Osaka?	
1247	which	髢｢繝ｻ莉｣	繝ｻ繝ｻ繝ｻ縺ｧ縺ゅｋ・医☆繧具ｼ峨→縺薙ｍ縺ｮ	This is a book which she wrote.	
1248	white	蜷阪・蠖｢	逋ｽ・医・・峨∫區濶ｲ・医・・・white snow	
1249	who	逍代・莉｣	縺繧・Who is that man?	
1250	who	髢｢繝ｻ莉｣	繝ｻ繝ｻ繝ｻ縺ｧ縺ゅｋ・医☆繧具ｼ峨→縺薙ｍ縺ｮ	She is the woman who gave me the book.	
1251	whose	逍代・莉｣	縺繧後・	Whose house is this?	
1252	why	逍代・蜑ｯ	縺ｪ縺懊√←縺・＠縺ｦ	Why did you come here?	
1253	wide	蠖｢	・亥ｹ・′・牙ｺ・＞	a wide road	
1254	wife	蜷・螯ｻ	his wife	
1255	wild	蠖｢	驥守函縺ｮ	wild animals	
1256	will	蜉ｩ	繝ｻ繝ｻ繝ｻ縺吶ｋ縺､繧ゅｊ縺縲√＠繧医≧縺ｨ諤昴≧縲√・繝ｻ繝ｻ縺ｧ縺励ｇ縺・I will show you an example.	
1257	win	蜍・繝ｻ繝ｻ繝ｻ縺ｫ蜍昴▽縲∝享縺｡蜿悶ｋ  縲頑ｴｻ逕ｨ縲仇on-won	win a game	
1258	wind	蜷・鬚ｨ	a strong wind	
1259	window	蜷・遯・open the window	
1260	windy	蠖｢	鬚ｨ縺ｮ蠑ｷ縺・・｢ｨ縺ｮ縺ゅｋ	a windy day	
1261	winter	蜷・蜀ｬ	in winter	
1262	wish	蜷・鬘倥＞	make a wish / best wishes	
1263	wish	蜍・竭繝ｻ繝ｻ繝ｻ縺励◆縺・→諤昴≧・・o 繝ｻ繝ｻ繝ｻ・峨竭｡・井ｻｮ螳壽ｳ輔〒・峨・繝ｻ繝ｻ縺ｧ縺ゅｌ縺ｰ縺・＞縺ｮ縺ｫ	竭I wish to travel abroad. 竭｡I wish I knew my cat's feelings.	笳・
1264	with	蜑・竭繝ｻ繝ｻ繝ｻ縺ｨ荳邱偵↓ 竭｡繝ｻ繝ｻ繝ｻ縺ｧ縲√・繝ｻ繝ｻ繧剃ｽｿ縺｣縺ｦ 竭｢繝ｻ繝ｻ繝ｻ縺ｮ縺ゅｋ縲√・繝ｻ繝ｻ繧定ｺｫ縺ｫ莉倥￠縺ｦ繝ｻ謇謖√＠縺ｦ	竭come with us竭｡with your finger竭｢a boy with a camera	
1265	without	蜑・繝ｻ繝ｻ繝ｻ縺ｪ縺励〒	without any money / without sleeping	
1266	woman	蜷・螂ｳ縺ｮ莠ｺ縲∝･ｳ諤ｧ  縲願､・焚縲仇omen・育匱髻ｳ豕ｨ諢擾ｼ・She is the woman who wrote the story.	
1267	wonderful	蠖｢	縺吶・繧峨＠縺・√☆縺ｦ縺阪↑縲∬ｦ倶ｺ九↑	have a wonderful time	
1268	wood	蜷・譛ｨ縲∵惠譚・a piece of wood	
1269	word	蜷・蜊倩ｪ槭∬ｪ槭√％縺ｨ縺ｰ	the meaning of the word	
1270	work	蜷・莉穂ｺ九∽ｽ懈･ｭ縲∝感蜒・talk about my work	
1271	work	蜍・莉穂ｺ九ｒ縺吶ｋ縲∝ロ縺上∵ｴｻ蜍輔☆繧・work with many people	
1272	world	蜷・荳也阜	in the world	
1273	worry	蜍・蠢・・縺吶ｋ	Don't worry.	
1274	would	蜉ｩ	・・ill縺ｮ驕主悉蠖｢・俄蔵繝ｻ繝ｻ繝ｻ・医☆繧九・・峨・縺・°縺後〒縺吶°縲竭｡繝ｻ繝ｻ繝ｻ縺励※縺・◆縺縺代∪縺帙ｓ縺・竭Would you like ...(to...・・ 竭｡Would you 窶ｦ?	笳・
1275	would	蜉ｩ	竭｢・井ｻｮ螳壽ｳ輔〒・会ｼ医ｂ縺暦ｽ槭↑繧会ｼ峨・繝ｻ繝ｻ縺繧阪≧縺ｫ	竭｢If you had 10,000 dollars, what would you do?	
1276	wow	髢・縺・ｏ縺√√ｏ縺・ｼ磯ｩ壹″縲∝万縺ｳ縺ｪ縺ｩ繧定｡ｨ縺呻ｼ・Wow, that's nice.	
1277	write	蜍・繝ｻ繝ｻ繝ｻ繧呈嶌縺・ 縲頑ｴｻ逕ｨ縲仇rote-written	write a letter 	
1278	writer	蜷・菴懷ｮｶ	a popular writer	
1279	wrong	蠖｢	髢馴＆縺｣縺溘・ｼ医・繝ｻ繝ｻ縺ｮ・芽ｪｿ蟄舌・謔ｪ縺・ｼ・ith 繝ｻ繝ｻ繝ｻ・・the wrong number / What's wrong with 窶ｦ?	
1280	year	蜷・蟷ｴ	three years ago	
1281	yellow	蜷阪・蠖｢	鮟・牡・医・・・buy a yellow T-shirt	
1282	yes	蜑ｯ	縺ｯ縺・√◎縺・〒縺・Yes, he is.	
1283	yesterday	蜷阪・蜑ｯ	譏ｨ譌･・医・・・went to see a movie yesterday	
1284	yet	蜑ｯ	・亥凄螳壽枚縺ｧ・峨∪縺	haven't finished the job yet	
1285	you	莉｣	縺ゅ↑縺滂ｼ域婿・峨・縲√≠縺ｪ縺滂ｼ域婿・峨ｒ・医↓・・you and I	
1286	young	蠖｢	闍･縺・young people	
1287	your	莉｣	縺ゅ↑縺滂ｼ域婿・峨・	Wash your hands.	
1288	yours	莉｣	縺ゅ↑縺滂ｼ域婿・峨・繧ゅ・	It's yours.	
1289	yourself	莉｣	縺ゅ↑縺溯・霄ｫ・医〒・・Enjoy yourself. / Did you make it yourself?	
1290	zero	蜷・繧ｼ繝ｭ	write two zeros	
1291	zoo	蜷・蜍慕黄蝨・went to the zoo on Sunday	
