No.	単語	品詞	意味	用例	追加
1	a	冠	一つの、一人の	a book / a girl	
2	able	形	・・・することができる	be able to speak English 	
3	about	前・副	・・・について（の）、・・・に関して、・・・に関する、およそ、約～	talk about music / about 40 students	
4	above	前	・・・の上に（の）　 ※接触せずにより高い位置にあることを言う。	above your head	
5	abroad	副	外国に（へ、で）、海外に（へ、で）	study abroad	
6	accept	動	・・・を受け入れる、・・・を受け取る、・・・を承諾する	accept a present	
7	accident	名	事故、災難、故障	have an accident	
8	according to		・・・によれば	according to his report	
9	across	前	・・・を横切って、・・・を渡って	walk across the street	
10	act	動	行動する、ふるまう	act quickly	
11	action	名	行動、行為	a plan of action	
12	active	形	活動的な	an active woman	
13	activity	名	活動	a club activity	
14	actor	名	俳優、男優（男女を問わず用いるが、男優をさす場合が多い）	a kabuki actor	
15	actress	名	女優	a good actress	
16	actually	副	本当に、実際には	She didn't actually say that.	
17	add	動	・・・を加える	add some water	
18	addition	名	追加	in addition （加えて）	
19	address	名	住所	my address	
20	adult	名	大人、成人	become an adult	
21	advantage	名	利点、長所	have a big advantage	
22	adventure	名	冒険	read the story about her adventure	
23	advice	名	忠告、アドバイス	give advice to her	
24	afraid	形	(be afraid of / be afraid that )恐れている　	Some people are afraid of dark places./ I'm afraid that it will rain.	○
25	Africa	名	アフリカ	go to Africa	
26	after	前	・・・のあとに（で）、・・・してから	after dinner	
27	after	接	・・・したあとで	after I ate dinner	
28	afternoon	名	午後	in the afternoon	
29	again	副	もう一度	see him again	
30	against	前	・・・に反対して、・・・に反して、・・・に対して	against his advice	
31	age	名	年齢、年	different ages	
32	ago	副	（今から）・・・前に	five years ago	
33	agree	動	賛成する	agree with her	
34	air	名	空気	fresh air	
35	airport	名	空港	arrive at the airport	
36	all	形	すべての	all the students	
37	all	代	・・・のすべて、全員、全部	All of the students…	
38	all	副	まったく、すっかり	That's all right.	
39	allow	動	（～に）・・・するのを許す（許可する）	allow him to study abroad	
40	almost	副	ほとんど	almost all of them	
41	alone	副	ただ１人で	go home alone	
42	along	前	・・・に沿って	walk along the street	
43	already	副	すでに、もう	have already cleaned the room	
44	also	副	・・・もまた	Tom and also Jim	
45	although	接	・・・だけれども、・・・にもかかわらず	Although it is raining, ...	
46	always	副	いつも、常に	She always drinks tea in the morning.	
47	am	動	（beの一人称・単数・現在形）	"Are you happy?" "Yes, I am."	
48	a.m.	副	午前	at 9 a.m.	
49	amazing	形	びっくりするような、信じられないほどの	have an amazing experience	
50	America	名	アメリカ（合衆国）	go to America	
51	American	名・形	アメリカ人（の）、アメリカ（合衆国）の	She is an American. / American people	
52	among	前	（３人・３つ以上）の間に	among the trees	
53	an	冠	一つの、一人の　※母音で始まる単語の前で用いる。	an egg / an active boy	
54	and	接	・・・と（や）～、そして	study Japanese and English	
55	angry	形	怒って、腹をたてて	I am angry with him.	
56	animal	名	動物	small animals	
57	another	形	もう一つ（一人）の	have another chance	
58	answer	動	・・・に答える	answer a question	
59	answer	名	答え	write an answer to him	
60	any	形	（疑問文で）いくつか、（否定文で）何も（・・・ない）、（肯定文で）どんな・・・でも	don't have any pens / I listen to any kind of music.	
61	anyone	代	（肯定文で）誰でも、（否定文で）誰も、（疑問文で）誰か	Is anyone going to answer?	
62	anything	代	（否定文で）何も・・・ない、（疑問文で）何か	I didn't say anything.	
63	anywhere	副	（否定的文脈で）どこに（へ）も・・・ない、（肯定文で）どこででも、どこへでも	I'm not going anywhere today.	
64	appear	動	現れる	appear on the stage	
65	apple	名	りんご	eat an apple	
66	April	名	４月	in April	
67	are	動	（beの二人称・単数（複数）・現在形、及びそれ以外の人称の複数現在形）	We are happy.	
68	area	名	地域、（特定の活動をする）場所	in this area	
69	arm	名	腕	my left arm	
70	around	前	・・・のまわりに	sit around a table	
71	arrive	動	到着する、着く	arrive at the station	
72	art	名	美術、芸術	a museum of art	
73	artist	名	芸術家	a famous artist	
74	as	副・接	（比較）・・・と同じくらい	He is as tall as I.	
75	as	前	・・・として	as a leader	
76	Asia	名	アジア（大陸）	in Asia	
77	ask	動	①（～に）・・・をたずねる、②（～に）・・・するように頼む（to・・・）	①ask his name　②ask him to help me	
78	astronaut	名	宇宙飛行士	want to be an astronaut	
79	at	前	①（場所、位置）・・・に（で）、・・・のところに　②（時刻）・・・に	①meet them at the station　②at nine o'clock	
80	attention	名	注意、関心	pay attention to…	
81	August	名	８月	in August	
82	aunt	名	おば	see my aunt	
83	Australia	名	オーストラリア（大陸）	go to Australia	
84	Australian	形	オーストラリア（人）の	Australian friend	
85	autumn	名	秋	in autumn	
86	away	副	（移動、方向）離れて	go away from here	
87	baby	名	赤ちゃん	a happy baby	
88	back	副	後ろへ、戻って、帰って	come back here	
89	back	名	背中	the back of a book	
90	bad	形	悪い　《活用》worse-worst	a bad boy	
91	bag	名	かばん	a black bag	
92	ball	名	ボール	play with a ball	
93	banana	名	バナナ	eat a banana	
94	barrier	名	障壁・障害	a language barrier	
95	baseball	名	野球	play baseball	
96	basketball	名	バスケットボール	play basketball	
97	bath	名	入浴、浴室・風呂場	take a bath	
98	be	動	～である、いる、ある　《活用》was,were-been	Be quiet.	
99	beach	名	砂浜・浜辺・海岸	go to the beach	
100	bean	名	豆	coffee beans	
101	bear	名	熊	a brown bear	
102	beautiful	形	美しい	a beautiful picture	
103	beauty	名	美しさ・美	beauty of the sea	
104	because	接	（理由や原因を説明して）・・・だから、なぜならば・・・	because it is sunny	
105	become	動	・・・になる　《活用》became-become	become a teacher	
106	bed	名	ベッド	get out of bed	
107	before	前	・・・の前に、・・・よりも前に、・・・前に	before the exam	
108	before	接	・・・する前に	before you arrive at the station	
109	begin	動	・・・を始める、・・・をし始める（to・・・、・・・ing)、 始まる  《活用》began-begun	begin to walk	
110	behind	前	・・・の後ろに（で）	behind the trees	
111	believe	動	・・・を信じる、 信じている	believe him	
112	below	副	下に（へ、を）、下記に	See the questions below.	
113	beside	前	・・・のそばに（の）	beside the door	
114	between	前	・・・の間に（で、を、の）	between A and B	
115	big	形	大きい	live in a big city	
116	bike	名	自転車	go by bike	
117	bird	名	鳥	find a beautiful bird	
118	birthday	名	誕生日	Today is his birthday.	
119	black	名・形	黒（の）・黒色（の）、黒い	find a black box	
120	blank	名	空白・余白・空所	fill in the blanks	
121	blossom	名	花	cherry blossoms	
122	blow	動	（風が）吹く、 ・・・を吹き動かす　《活用》blew-blown	The wind is blowing.	
123	blue	名・形	青（の）・青色（の）、青い	the blue sky	
124	boat	名	ボート・船	go by boat	
125	body	名	からだ	a human body	
126	bomb	名	爆弾	a time bomb	
127	book	名	本	an English book	
128	bookstore	名	書店	go to a bookstore	
129	bored	形	退屈した	I am bored.	
130	boring	形	（人を）うんざり（退屈）させる、退屈な	a boring story	
131	born	動	生まれる（be born）　※動詞bearの過去分詞形	A baby was born.	
132	borrow	動	・・・を借りる	borrow a pencil	
133	both	形	両方の	both ways	
134	both	代	両方	Both are OK.	
135	both	副	両方とも	both A and B	
136	bottle	名	びん・ボトル	a red bottle	
137	box	名	箱	open a box	
138	boy	名	少年	a tall boy	
139	bread	名	パン	eat bread	
140	break	動	・・・を壊す、 壊れる　《活用》broke-broken	break the window	
141	breakfast	名	朝食	have breakfast	
142	bridge	名	橋	a big bridge	
143	bright	形	輝いている・光っている、明るい	the bright sun	
144	bring	動	・・・を持ってくる、もたらす　《活用》brought-brought	bring some flowers	
145	British	形	英国の	British people	
146	brother	名	兄弟、兄、弟	I have two brothers.	
147	brown	名・形	茶色（の）	have a brown bag	
148	build	動	・・・を建てる・建築（建設、建造）する　《活用》built-built	build a house	
149	building	名	建物・建築物・建造物・ビルディング	a new building	
150	burn	動	燃える、焼ける、 ・・・を燃やす、焼く	The fire is burning.	
151	bus	名	バス	take a bus	
152	business	名	職業・仕事・商売・事業	start a business 	
153	busy	形	忙しい、にぎやかな	I am busy with my homework.	
154	but	接	しかし、だが、けれども	, but I don't want to go there.	
155	buy	動	・・・を買う　《活用》bought-bought	buy a new dictionary	
156	by	前	・・・のそばに（で、の）、・・・によって、・・・までに（は）	by the window	
157	bye	間	さよなら	Good bye.	
158	cafeteria	名	カフェテリア、食堂	at the school cafeteria	
159	cake	名	ケーキ	have tea and cakes	
160	call	動	①・・・に電話をかける　②・・・を（～と）呼ぶ	①call my friend  ②Please call me Masa.	
161	camera	名	カメラ	my father's camera	
162	can	助	①～することができる　②（許可）～してもよい　③（依頼）・・・してくれますか 《活用》could	①I can speak English.　②Can I use your bike?  ③Can you open the door?	
163	Canada	名	カナダ	live in Canada	
164	cap	名	（縁なしの）帽子、（びんなどの）キャップ	wear a cap	
165	car	名	自動車、車	get in a car	
166	card	名	カード、はがき	receive a card	
167	care	名	世話、注意、用心	take care of sick people	
168	careful	形	注意深い、用心深い	Be careful.	
169	carefully	副	注意深く、用心深く	listen to her carefully	
170	carry	動	・・・を運ぶ	carry a bag	
171	case	名	①場合　②箱	①in my case　②in the book case	
172	cat	名	ねこ	have a cat	
173	catch	動	・・・を捕まえる　《活用》caught-caught	catch a bird	
174	cause	動	・・・の原因となる、・・・を引き起こす	cause the accident	
175	CD	名	ＣＤ（コンパクトディスク）	buy a CD	
176	celebrate	動	・・・を祝う	celebrate her birthday	
177	cellphone	名	携帯電話	use a cellphone	
178	centimeter	名	センチメートル	five centimeters	
179	century	名	１世紀、100年	in the 20th century	
180	chair	名	いす	sit on a chair	
181	chance	名	好機、チャンス	have a chance to go to China	
182	change	動	・・・を変える、・・・を取りかえる、（服を）着がえる	change trains	
183	change	名	変化	a big change in Japanese history	
184	character	名	①登場人物　②個性、性格	①a main character in the movie  ②have a good character	
185	cheap	形	安い、安価な	a cheap computer	
186	cheerful	形	明るい、元気のある	a cheerful boy	
187	cherry	名	①桜　②サクランボ	①cherry blossom  ②eat a cherry 	
188	chicken	名	鶏肉	eat chicken on Christmas Eve	
189	child	名	子ども  《複数》children	I lived in France when I was a child.	
190	China	名	中国	live in China	
191	Chinese	名・形	中国語（の）、中国人（の）、中国の	speak Chinese	
192	chocolate	名	チョコレート	a box of chocolate	
193	choice	名	選択、選ぶこと	a very difficult choice	
194	choose	動	・・・を選ぶ　《活用》chose-chosen	choose the correct answer	
195	Christmas	名	クリスマス	a present for Christmas	
196	church	名	教会	an old church	
197	city	名	市、都市、都会	I live in a big city.	
198	class	名	授業、学級、(クラスの）みなさん	a history class	
199	classmate	名	同級生、クラスメート	classmates in high school	
200	classroom	名	教室	in a classroom	
201	clean	動	・・・をそうじする	clean our classroom	
202	clean	形	きれいな、清潔な	a clean room	
203	clear	形	晴れた、はっきりした	a clear day	
204	clearly	副	明らかに、はっきりと	speak clearly	
205	clerk	名	係員、店員	a convenience store clerk	
206	clever	形	かしこい、頭がよい	a clever child	
207	climb	動	・・・を登る	climb Mt. Fuji	
208	clock	名	時計（置時計や壁時計など）	a clock on the wall	
209	close	動	・・・を閉じる、閉める	close the book	
210	close	形	近い（to ・・・）	close to the station	
211	clothes	名	衣服、着物	put on my clothes	
212	cloud	名	雲	white clouds in the sky	
213	cloudy	形	くもりの	It is cloudy today.	
214	club	名	クラブ、部	a soccer club	
215	coach	名	①コーチ　②長距離バス、大型馬車、客車	①a soccer coach　②go by coach	
216	coat	名	コート、上着	take off my coat	
217	coffee	名	コーヒー	make coffee	
218	cold	形	寒い、冷たい	The wind is very cold.	
219	cold	名	かぜ	have a cold	
220	collect	動	・・・を集める、収集する	collect postcards	
221	collection	名	集めること、収集	have a great CD collection	
222	college	名	大学	go to college	
223	color	名	色	the color of the sky	
224	colorful	形	色鮮やかな、派手な	find a colorful bird	
225	come	動	来る　《活用》came-come	come home	
226	comic	名・形	（comicsで）マンガ、マンガの	read comics	
227	communicate	動	（意思や気持ちなどを）伝え合う	communicate with him	
228	communication	名	伝達、コミュニケーション	communication between people	
229	company	名	会社	work for a company	
230	compare	動	・・・を比べる	compare the two dictionaries	
231	complain	動	不平を言う	complain about high prices	
232	complete	動	・・・を完成させる	complete the difficult job	
233	computer	名	コンピュータ	use a computer	
234	concert	名	コンサート	go to a piano concert	
235	conclusion	名	結論	This is my conclusion.	
236	condition	名	状態、条件	in good condition	
237	confused	形	混乱した、とまどった	I was very confused.	
238	connect	動	・・・を結び付ける	This road connects Tokyo and Kyoto.	
239	content	名	内容	the content of her speech	
240	contest	名	試合、競技、コンテスト	a speech contest	
241	continue	動	続く、・・・を続ける、・・・をし続ける（to・・・、・・・ing）	continue to study	
242	convenience	名	便利	a convenience store	
243	convenient	形	便利な、都合のよい	a convenient time to meet	
244	conversation	名	会話、おしゃべり	have a conversation 	
245	cook	動	・・・を料理する、料理をする	cook dinner	
246	cool	形	涼しい、かっこいい	a cool day	
247	corner	名	角、コーナー	at the corner of a street	
248	correct	形	正しい	choose the correct answer	
249	correspond to		・・・に対応する、合致する	Write the number which corresponds to your answer.	
250	cost	動	（金額が）かかる　　《活用》cost-cost	cost 1000 yen	
251	costume	名	服装、衣装	Japanese costume	
252	could	助	（canの過去形）①・・・することができた　②・・・していただけませんか	①I could not see the movie yesterday. ②Could you …?	○
253	could		③（仮定法で）・・・できたら、（もし～なら）・・・できるのに	③If I were a doctor, I could help many sick people.	
254	count	動	・・・を数える	count the money	
255	country	名	国、いなか	live in this country	
256	courage	名	勇気	have the courage to…	
257	course	名	進路、方向	change the course	
258	cover	動	・・・をおおう	The mountain is covered with snow.	
259	crane	名	鶴	a crane flying in the sky	
260	crowded	形	こんでいる	The train is crowded with many people.	
261	cry	動	泣く	A baby is crying.	
262	culture	名	文化	Japanese culture	
263	cup	名	カップ、カップ１杯分	a cup of coffee	
264	curry	名	カレー	make chicken curry	
265	custom	名	習慣	an old custom	
266	cut	動	・・・を切る　《活用》cut-cut	cut the cake	
267	cute	形	かわいい	a cute doll	
268	dance	名	踊り、ダンス	a traditional Japanese dance	
269	dance	動	踊る	dance on the stage	
270	dancer	名	ダンサー、踊る人	a famous dancer	
271	danger	名	危険、危険性	There is a danger of…	
272	dangerous	形	危険な	a dangerous place	
273	dark	形	暗い	in a dark room	
274	date	名	月日、日付	What date is it today?	
275	daughter	名	娘	our daughter	
276	day	名	１日、日	every day	
277	dead	形	（人・動物が）死んだ、死んでいる	She is not dead.	
278	dear	形	親愛なる・・・	Dear Tom	
279	death	名	死	after the death of his father	
280	December	名	１２月	in December	
281	decide	動	・・・することを決める、・・・しようと決心する	decide to do it	
282	deep	形	①（水、池などが）深い　②深さが・・・の	①This lake is deep.  ②This lake is 30 meters deep.	
283	delicious	形	（食べ物などが）実においしい	the most delicious food in the world	
284	department store	名	百貨店	enjoy shopping in the department store	
285	depend	動	(depend on・・・）・・・しだいである	depend on you	
286	desk	名	机	on a desk	
287	destroy	動	・・・を破壊する・壊す	destroy the building	
288	diary	名	日記	write a diary	
289	dictionary	名	辞書	buy a new dictionary	
290	die	動	死ぬ	My bird died.	
291	difference	名	違い、相違点	the difference between A and B	
292	different	形	異なる、違う	a different culture	
293	difficult	形	難しい、困難な	a difficult question	
294	difficulty	名	むずかしさ、困難、苦労	find many difficulties	
295	dinner	名	ディナー、（通例）夕食	after dinner	
296	disagree	動	反対する	disagree with him	
297	disappear	動	見えなくなる、（視界から）消える	disappear into the dark room	
298	disaster	名	災害、惨事	a natural disaster	
299	discover	動	・・・を発見する・見つける	discover new land	
300	dish	名	皿、料理	my favorite dish	
301	distance	名	距離	a short distance	
302	do	動	・・・をする　《活用》did-done	do my homework	
303	doctor	名	医者	see the doctor	
304	dog	名	犬	have a dog	
305	doll	名	人形	play with dolls	
306	dollar	名	ドル	five dollars	
307	door	名	ドア	open a door	
308	down	副	下へ、低い方へ	look down into the box	
309	drama	名	ドラマ、劇、演劇	an exciting drama	
310	draw	動	（絵や地図など）を描く、（線や円など）を引く　《活用》drew-drawn	draw a picture	
311	dream	名	（睡眠中の）夢、（将来の）夢、望み	My dream is to…	
312	dress	名	ドレス、衣服	a nice summer dress	
313	drink	動	・・・を飲む、酒を飲む　《活用》drank-drunk	drink coffee	
314	drink	名	飲み物	a cold drink	
315	drive	動	・・・を運転する、・・・を車で送る、車を運転する 《活用》drove-driven	drive a car	
316	driver	名	運転手、ドライバー	a taxi driver	
317	drop	動	・・・を落とす	drop a pencil	
318	dry	形	乾いた	in the dry season	
319	during	前	（特定の期間）の間じゅう、・・・の間をとおして	during the vacation	
320	DVD	名	DVD	watch the DVD 	
321	each	形	それぞれの・めいめいの	each student	
322	each	代	それぞれ・めいめい	each of the students	
323	ear	名	耳	Dogs have good ears.	
324	early	副	早く	get up early	
325	early	形	早い	early lunch	
326	earn	動	・・・を得る・かせぐ	earn money	
327	earth	名	地球	live on the earth	
328	earthquake	名	地震	a big earthquake	
329	easily	副	簡単に・容易に	make friends easily	
330	east	名	東	from the east	
331	eastern	形	東の、東からの	the eastern half	
332	easy	形	簡単な・容易な	an easy question	
333	eat	動	・・・を食べる　《活用》ate-eaten	eat lunch	
334	effort	名	努力	make an effort	
335	egg	名	卵	a big egg	
336	eight	名・形	８（の）	eight students	
337	eighteen	名・形	１８（の）	eighteen students	
338	eighteenth	名・形	１８番め（の）	in the eighteenth century 	
339	eighth	名・形	８番め（の）	in the eighth century 	
340	eighty	名・形	８０（の）	eighty years old	
341	either	副	（否定文のあとで）・・・もまた～でない	I didn't have any money and she didn't either.	
342	electricity	名	電気、電力	cannot live without electricity	
343	elephant	名	象	see a big elephant	
344	eleven	名・形	１１（の）	eleven players	
345	eleventh	名・形	１１番め(の)	in the eleventh century	
346	else	副	そのほかに（の）	someone else	
347	e-mail (email)	名	電子メール	send an e-mail	
348	empty	形	からの、空いている	find an empty box	
349	encourage	動	・・・を勇気づける、励ます	encourage students	
350	end	名	終わり、端	at the end of the year	
351	end	動	終わる、済む、 ・・・を終える、終わらせる	This class ends at eleven.	
352	energy	名	エネルギー	the energy of the sun	
353	engineer	名	技術者、技師、工学者	become an engineer	
354	England	名	英国、イギリス	go to England	
355	English	名・形	イングランド（英国・イギリス）人（の）、英語（の）、英国の	speak English	
356	enjoy	動	・・・を楽しむ、・・・して楽しむ	enjoy walking	
357	enough	形	十分な、必要なだけの	enough food	
358	enter	動	入る、 ・・・に入る	enter the room	
359	entertainment	名	娯楽、気晴らし	good entertainment	
360	entrance	名	入口、玄関	the back entrance	
361	environment	名	環境	the natural environment	
362	equal	形	等しい、平等な	All men are equal.	
363	eraser	名	消しゴム、消すもの	a black eraser	
364	especially	副	特に	This question is especially important.	
365	Europe	名	ヨーロッパ	go to Europe	
366	even	副	・・・（で）さえ、・・・すら	even a child	
367	evening	名	夕方、晩	in the evening	
368	event	名	出来事、行事、催し物、イベント	sports events	
369	ever	副	かつて、これまでに	Have you ever been to…?	
370	every	形	すべての、どの・・・も、毎・・・	every week	
371	everybody	代	みんな、すべての人	everybody in the room	
372	everyone	代	みんな、すべての人	Good night, everyone.	
373	everything	代	すべてのこと（もの）	Thank you for everything.	
374	everywhere	副	いたるところで（を）、どこにも、どこへも	everywhere in Japan	
375	exact	形	正確な、的確な、ぴったりの	the exact answer	
376	exam	名	試験	passed the exam	
377	example	名	例	for example	
378	excellent	形	非常に優れた、優秀な	an excellent idea	
379	exchange	動	・・・を交換する、両替する	exchange ideas	
380	excited	形	興奮した	I was very excited.	
381	exciting	形	興奮させるような、わくわくさせるような	an exciting game	
382	excuse	動	・・・を許す	Excuse me, but…	
383	expensive	形	高価な、値段が高い、費用のかかる、ぜいたくな	buy an expensive camera	
384	experience	名	経験	have a good experience	
385	explain	動	・・・を説明する	explain the meaning of the word	
386	express	動	・・・を表現する・表す、示す、述べる	express an idea	
387	expression	名	表現、表情	a good expression	
388	eye	名	目	Close your eyes.	
389	face	名	顔、面	Look at his face.	
390	fact	名	事実	know the real fact about …	
391	factory	名	工場	a car factory	
392	fall	名	秋	in the fall	
393	fall	動	落ちる　《活用》fell-fallen	fall down	
394	family	名	家族	in my family	
395	famous	形	有名な	a famous actor	
396	fan	名	ファン、熱烈な支持者	a basketball fan	
397	far	形・副	遠い、遠くに　《活用》farther/further-farthest/furthest	go far	
398	farm	名	農場	a small farm	
399	farmer	名	農民、農業従事者	a fruit farmer	
400	fast	形	速い	a fast runner	
401	fast	副	速く	run fast	
402	father	名	父、父親	my father	
403	favorite	形	お気に入りの、大好きな	my favorite subject	
404	February	名	２月	in February	
405	feel	動	・・・と感じる　《活用》felt-felt	feel sick	
406	feeling	名	感情、感覚	a good feeling	
407	festival	名	祭り	have a music festival	
408	few	形	（a fewで）少しの、いくつかの	a few days later	
409	field	名	原っぱ、（競技場の）フィールド	a rice field	
410	fifteen	名・形	１５（の）	She is fifteen years old.	
411	fifteenth	名・形	１５番め（の）	on October 15(fifteenth)	
412	fifth	名・形	５番め（の）	on September 5(fifth)	
413	fifty	名・形	５０（の）	fifty minutes later	
414	fight	動	戦う　《活用》fought-fought	fight with(against)…	
415	fill	動	・・・を満たす、埋める	fill the cup with water	
416	final	形	最後の	the final day of a year	
417	finally	副	とうとう、ついに	finally arrived at the station 	
418	find	動	・・・を見つける、気づく、わかる　《活用》found-found	find a good book	
419	fine	形	元気な、晴れた	I'm fine.	
420	finger	名	指（手の親指はthumb、足の指はtoe）	point a finger at the picture	
421	finish	動	終わる、・・・を終える	The concert finished. / finish my homework	
422	fire	名	火、火事	use fire	
423	first	名・形	１番め（の）、最初（の）	for the first time	
424	first	副	まず第一に、最初に、初めて	We have to do the job first.	
425	fish	名	さかな　《複数》fish	catch five fish	
426	fish	動	つりをする	go fishing	
427	five	名・形	５（の）	for five minutes	
428	flight	名	飛行、（飛行機の）便、フライト	take a flight to London	
429	floor	名	ゆか、階	on the third floor	
430	florist	名	花屋	He is a florist.	
431	flower	名	花	grow flowers in the garden	
432	fluently	副	りゅうちょうに	speak English fluently	
433	fly	動	飛ぶ　《活用》flew-flown	fly from London to New York	
434	follow	動	…のあとについて行く、従う	follow him	
435	following	形	次の、あとに続く	Answer the following questions.	
436	food	名	食べ物	delicious food	
437	foot	名	足（足首から下）　《複数》feet	on foot （歩いて）	
438	football	名	サッカー（soccer）、アメリカンフットボール	play football	
439	for	前	①・・・のために ②・・・に向かって ③・・・にとって④～の間	①for you ②a train for Umeda ③good for your health ④for two days	
440	foreign	形	外国の	a foreign language	
441	forest	名	森	in the forest	
442	forever	副	永遠に	remember her forever	
443	forget	動	・・・を忘れる、置き忘れる　《活用》forgot-forgotten	forget my umbrella	
444	forty	名・形	４０（の）	forty years ago	
445	forward	副	前方へ　	move the car forward	
446	four	名・形	４（の）	four years ago	
447	fourteen	名・形	１４（の）	My brother is fourteen years old.	
448	fourteenth	名・形	１４番め（の）	in the fourteenth century	
449	fourth	名・形	４番め（の）	on the fourth floor	
450	France	名	フランス	a trip to France	
451	free	形	自由な、ひまな、ただの	I'll be free tomorrow.	
452	freedom	名	自由	fight for freedom	
453	French	名・形	フランス人（の）、フランス語(の）、フランスの	speak French	
454	fresh	形	新鮮な	fresh vegetables	
455	Friday	名	金曜日	on Friday	
456	friend	名	友だち	make friends with her	
457	friendly	形	人なつっこい、親切な	She is friendly to me.	
458	friendship	名	友情、親交	an old friendship	
459	from	前	…から、…出身の	He traveled from Japan to China. / I'm from Osaka.	
460	front	名	前部、前面、前方	the front of a car / in front of ～	
461	fruit	名	くだもの	fresh fruit	
462	full	形	いっぱいの、満ちた	The restaurant is full.	
463	fun	名	楽しみ、おもしろいもの	have a lot of fun	
464	funny	形	おかしな、おもしろい	a funny story	
465	future	名	将来、未来	in the future	
466	game	名	試合、ゲーム	watch a baseball game	
467	garden	名	庭、庭園	flowers in the garden	
468	gate	名	門、通用門、扉	open the gate	
469	gather	動	・・・を集める、（人々・物が）集まる	gather a lot of information	
470	gentleman	名	紳士　《複数》gentlemen	ladies and gentlemen	
471	German	名・形	ドイツ人（の）、ドイツ語（の）、ドイツの	speak German	
472	Germany	名	ドイツ	go to Germany	
473	gesture	名	（指示や感情を示す）身ぶり	language and gesture	
474	get	動	①・・・を得る　②（・・・の状態に）なる　③・・・に着く　《活用》got-got/gotten	①get a CD 　② get sick 　③get to the station 	
475	gift	名	贈り物	a gift from my friend	
476	girl	名	少女	a Japanese girl	
477	give	動	（～に）・・・を与える　《活用》gave-given	give him a present	
478	glad	形	うれしい、（・・・して）うれしい（to・・・、that・・・）　	I'm glad to see you. / I'm glad that you like it.	○
479	global	形	世界的な、地球全体の	global warming	
480	go	動	行く　　《活用》went-gone	go to the park	
481	goal	名	目標、（サッカーなどの）ゴール	my goal in life	
482	good	形	良い、すぐれた、高品質な、おいしい　《活用》better-best	a good restaurant	
483	goodbye	間	さようなら	say goodbye to…	
484	government	名	政府	the Japanese government	
485	grade	名	学年、成績	in the second grade	
486	graduate	動	卒業する（from・・・）	graduate from junior high school	
487	grandfather	名	祖父、おじいさん	my grandfather	
488	grandmother	名	祖母、おばあさん	his grandmother	
489	grandparent	名	祖父母	visit my grandparents	
490	great	形	偉大な、大きな、すばらしい	a great doctor	
491	green	名・形	緑（の）、緑色（の）	green vegetables	
492	greet	動	（人）にあいさつする、・・・を出迎える	greet her 	
493	greeting	名	あいさつ（の言葉）	a greeting to him	
494	ground	名	地面	sit on the ground	
495	group	名	集団、グループ	a group of four people	
496	grow	動	（人、動物などが）成長する、育つ、（植物など）を栽培する、育てる 《活用》grew-grown	grow up / grow fruit	
497	guess	動	・・・（ということ）を推測する	guess the answer	
498	guide	動	・・・を案内する、導く	guide him into the building	
499	guide	名	案内人、ガイド	a mountain guide	
500	guitar	名	ギター	play the guitar	
501	gym	名	体育館、ジム	a school gym	
502	hair	名	毛・髪の毛	have long hair	
503	half	名・形	半分（の）	half an hour	
504	hall	名	ホール、玄関、集会所、大広間	in the hall	
505	hand	名	手	the right hand	
506	happen	動	起こる	The accident happened.	
507	happiness	名	幸福・幸せ、うれしさ	a feeling of happiness	
508	happy	形	幸せな、（・・・して）うれしい（to・・・、that・・・）	a happy family / I'm happy that today is sunny.	○
509	hard	副	いっしょうけんめいに、熱心に	study hard	
510	hard	形	難しい、苦しい、固い　	a hard question for me　	
511	hat	名	（縁のある）帽子	wear a black hat	
512	hate	動	・・・をひどく嫌う、憎む	He hates vegetables.	
513	have	動	・・・を持っている、・・・を食べる、・・・を飼っている　《活用》had-had	have a dog	
514	he	代	彼は、彼が	He is playing soccer.	
515	head	名	頭	her head	
516	headache	名	頭痛	have a headache	
517	health	名	健康	your health	
518	hear	動	・・・を聞く、・・・が聞こえる　《活用》heard-heard	hear a noise	
519	heart	名	心臓、心	my heart	
520	heavy	形	重い、（雨などが）強い	The bag is very heavy.	
521	hello	間	やあ、こんにちは	Hello, everyone.	
522	help	動	・・・を助ける、・・・を手伝う	help my mother	
523	help	名	助け	I need your help.	
524	helpful	形	助けになる、役立つ、有用な	helpful ideas	
525	her	代	彼女の、彼女を（に）	her bag	
526	here	副	ここに、ここで	wait for you here	
527	hers	代	彼女のもの	It is hers.	
528	hi	間	やぁ、こんにちは	Hi!  How are you?	
529	high	形	①高い　②高さが・・・ある	①a high mountain　②The wall is three meters high.　	
530	him	代	彼を（に）	I met him.	
531	his	代	彼の、彼のもの	It is his.	
532	history	名	歴史	Japanese history	
533	hit	動	・・・を打つ、たたく  《活用》hit-hit	hit a ball	
534	hobby	名	趣味	my hobby	
535	hold	動	・・・を持っている、開催する、開く 《活用》held-held	hold a party	
536	holiday	名	休日	a national holiday	
537	home	副	家に	go home	
538	home	名	家、家庭	at home	
539	homework	名	宿題	have a lot of homework	
540	hope	名・動	希望、望み、望む、願う	have hopes / I hope that …	
541	hospital	名	病院	in the hospital	
542	host family	名	ホストファミリー	go to the movie with my host family	
543	hot	形	暑い、熱い	drink a cup of hot tea	
544	hotel	名	ホテル	arrive at a hotel	
545	hour	名	時間	for two hours	
546	house	名	家	live in a big house	
547	how	副	①（疑問文で）どのようにして、(How about … ?)…はどうですか？、どれくらい	①How do you know the news? / How many[much] …?	○
548	how	副	②(感嘆文で）なんと	②How interesting!	
549	however	副	しかしながら	～, however…	
550	huge	形	巨大な	a huge mountain	
551	human	形	人間の	a human body	
552	hundred	名・形	１００（の）	three hundred pages	
553	hungry	形	空腹の、飢えた	I'm really hungry.	
554	hurry	動	急ぐ	Hurry up!	
555	hurt	動	痛む、 ・・・を傷つける、けがをさせる 《活用》hurt-hurt	Some people were hurt in the accident.	
556	husband	名	夫	my husband	
557	I	代	私は、私が	I have a good idea.	
558	ice	名	氷	a piece of ice	
559	idea	名	考え、アイディア	I don't have any idea.	
560	if	接	もし…ならば	if he is sick	
561	ill	形	病気の、気分が悪い　	feel ill	
562	illness	名	病気	suffer from an illness	
563	image	名	像、印象、イメージ	What's your image of the company?	
564	imagine	動	想像する	Can you imagine that?	
565	importance	名	重要性、大切なこと[もの]	the importance of…	
566	important	形	大切な	an important book	
567	impossible	形	不可能な	It is impossible to…	
568	improve	動	・・・を改善する、進歩する、よくなる	want to improve my English	
569	in	前	①（場所・位置）…の中に［で］　②（時）…に　③（手段）…で　④（所要時間）・・・間で	①in the street ②in March ③in pencil ④in two days	
570	influence	名	影響、影響力	have an influence on children	
571	information	名	情報	collect information	
572	injure	動	けがをさせる、・・・を傷つける	Some people were injured in the accident.	
573	injury	名	けが・負傷	a serious injury	
574	inside	前	…の中に（で）	inside the house	
575	interested	形	興味がある、興味をもっている、関心がある	I'm interested in science.	
576	interesting	形	おもしろい、興味深い	an interesting story	
577	international	形	国際的な	an international flight	
578	Internet	名	インターネット	on the Internet	
579	interview	名	インタビュー、面接	have an interview for a job	
580	interview	動	（～に）インタビューする、面接する	interview the famous actress	
581	into	前	…の中へ[中に向かって]	throw a stone into the river	
582	introduce	動	・・・を紹介する	introduce a friend to my father	
583	invent	動	・・・を発明する	invent a radio	
584	invite	動	・・・を招待する	invite my friends to the party	
585	is	動	（beの三人称・単数・現在形）	He is in the house.	
586	island	名	島	live on an island	
587	it	代	（前に出てきたものをさして）それは［が］、それを、（時間、曜日、天候などを表す）	It is fine today.	
588	its	代	それの	The dog hurt its leg.	
589	jacket	名	上着、ジャケット	a man wearing a jacket	
590	January	名	１月	in January	
591	Japan	名	日本	in Japan	
592	Japanese	名・形	日本人（の）、日本語（の）、日本の	study Japanese art	
593	job	名	仕事	get a job as a teacher	
594	join	動	（組織・会社）の一員になる、・・・に参加する	join a soccer club	
595	joke	名	冗談、ジョーク	tell a joke	
596	joy	名	喜び	feel great joy	
597	judge	動	・・・を判断する	judge people by…	
598	juice	名	ジュース	apple juice	
599	July	名	７月	in July	
600	jump	動	跳ぶ、はねる	jump into the river	
601	June	名	６月	in June	
602	junior high school	名	中学校	How can I get to your junior high school?	
603	just	副	ちょうど、単に、ちょっと	just now	
604	keep	動	ずっと・・・のままである、・・・し続ける、 ・・・を保つ、～を・・・に保つ  《活用》kept-kept	keep dancing / keep the room clean	
605	key	名	鍵、手がかり、秘けつ	forget my key	
606	kick	動	・・・を蹴る	kick a ball	
607	kill	動	・・・を殺す	Many people were killed in the war.	
608	kilogram	名	キログラム	two kilograms	
609	kilometer	名	キロメートル	two kilometers	
610	kind	名	種類	a kind of…	
611	kind	形	親切な	a kind man	
612	king	名	王	become king	
613	kitchen	名	台所	in the kitchen	
614	knife	名	ナイフ	cut an apple with a knife	
615	know	動	・・・を知っている、・・・が分かる　《活用》knew-known	know the boy well / know that...	
616	Korea	名	韓国・朝鮮	visit Korea	
617	Korean	名・形	韓国・朝鮮人（の）、韓国・朝鮮語（の）、韓国・朝鮮の	I like Korean food.	
618	lady	名	女性、婦人	Ladies and gentlemen,	
619	lake	名	湖	go fishing in the lake	
620	land	名	土地	a cold land	
621	language	名	言語	language and gesture	
622	large	形	大きい	a large park	
623	last	形	最後の、この前の	last Sunday	
624	last	動	続く	The war lasted for many years.	
625	late	形・副	遅い、遅れた、遅く、遅れて 	be late for school / come back home late	
626	later	副	（lateの比較級）のちに、・・・後	a few days later	
627	latest	形	（lateの最上級）最新の	the latest news	
628	laugh	動	笑う	laugh at a joke	
629	law	名	法律、法則	against the law	
630	lawyer	名	法律家、弁護士	work as a lawyer	
631	lay	動	…を置く、横たえる　《活用》laid-laid 、lie（横になる）の過去形	lay a book on the table / lay the baby on the bed	
632	lead	動	・・・を先導する、案内する　《活用》led-led	lead her to the station	
633	leader	名	リーダー、指導者	choose Mary as our leader	
634	learn	動	・・・を学ぶ・習う	learn English / learn that …	
635	leave	動	・・・を出発する、発つ、…を残す　《活用》left-left	leave home for the station	
636	left	名・形	左（の）、左側（の）	turn to the left	
637	leg	名	脚	the legs of a chair	
638	lemon	名	レモン	tea with lemon	
639	lend	動	（～に）・・・を貸す　《活用》lent-lent	lend him my bike	
640	lesson	名	レッスン、課、授業	have no lessons this afternoon	
641	let	動	～に・・・させる　《活用》let-let	Let me show you my town.	○
642	let's		・・・しましょう	Let's play soccer.	
643	letter	名	手紙	write a letter to her	
644	library	名	図書館	study in a library	
645	lie	動	横たわる　《活用》lay-lain	lie in bed	
646	life	名	生活、人生、生命	school life	
647	light	名	光、明かり	a bright light	
648	light	形	軽い、明るい	This box is very light.	
649	like	動	・・・を好む	like mathematics / I like swimming. 	
650	like	前	…のような	look like an animal	
651	line	名	線	draw a line	
652	lion	名	ライオン	a group of lions	
653	list	名	リスト	a list of books	
654	listen	動	・・・を聞く（to ・・・)	listen to the music	
655	little	形	①小さい　②（通例a littleで）少しの、少ない　《活用》（②の場合）less-least	①a little cat　②a little water	
656	little	副	少し	I can speak Chinese a little.	
657	live	動	生きる、住む	live in Osaka	
658	local	形	地元の	local people	
659	London	名	ロンドン	live in London	
660	long	形	①長い　②長さが・・・で、・・・の長さの	①This river is long.  ② This river is 75 kilometers long.　	
661	look	動	①見る  ②(look for …)…をさがす ③に見える	①look at the blackboard ②look for my pen ③look happy	
662	lose	動	・・・を失う　《活用》lost-lost	lose my key	
663	lot	名	たくさん	a lot of books	
664	loud	副	大声で	Speak louder.	
665	loud	形	（声が）大きい	a loud voice	
666	love	名	愛、恋愛	a mother's love for her children 	
667	love	動	・・・を愛する、大いに好む	She loves sushi.	
668	low	形	低い	a low table	
669	luck	名	運	Good luck!	
670	lucky	形	幸運な	She is a lucky woman.	
671	lunch	名	昼食	eat lunch at that restaurant	
672	machine	名	機械	use the machine	
673	magazine	名	雑誌	read a magazine	
674	main	形	主な、主要な	a main problem	
675	make	動	①・・・を作る　②～を・・・にする	①make a sandwich  ②make her happy	○
676	make	動	③～に・・・させる                   　《活用》made-made	③Hot milk makes you sleep well.	
677	man	名	男の人、男性   《複数》men	a tall man	
678	many	形・代	（数えられる名詞の前で）たくさんの、多くのもの（人）　《活用》more-most	many chairs / many of them	
679	map	名	地図	see a map	
680	March	名	３月	in March	
681	match	名	試合、競技	a tennis match	
682	math	名	数学	I like math.	
683	matter	名	困ったこと	What's the matter?	
684	may	助	①（許可）・・・してもよい　②（推量・可能性）・・・かもしれない	①May I use your bike?　② Some people may think that …	
685	May	名	５月	in May	
686	maybe	副	もしかすると、たぶん	Maybe we will meet tomorrow.	
687	me	代	私を（に）	He knows me well.	
688	meal	名	食事	cook a meal	
689	mean	動	・・・を意味する、・・・ということを意味する  《活用》meant-meant	What does the word mean?	
690	meaning	名	（言葉・身振りなどの）意味	What is the meaning of the word?	
691	meat	名	肉	eat meat	
692	medicine	名	薬	a new medicine	
693	meet	動	・・・に会う  《活用》met-met	meet her at a park	
694	meeting	名	会議	have a meeting	
695	member	名	一員、メンバー	a new member	
696	memo	名	メモ	take a memo	
697	memory	名	記憶	a good memory	
698	menu	名	メニュー	a lunch menu	
699	message	名	伝言、メッセージ	a message from him	
700	meter	名	メートル	three meters	
701	middle	名	中央、真ん中	in the middle of May	
702	milk	名	牛乳、ミルク	warm milk	
703	million	名	100万	one million	
704	mind	名	精神、心	in people's minds	
705	mine	代	私のもの	It's mine.	
706	minute	名	（時間の単位）分	for five minutes	
707	miss	動	①聞き逃す、見逃す、とりのがす　②・・・がいなくてさみしく思う	①miss the train 　②I miss him.	
708	mistake	名	誤り、間違い	a big mistake	
709	moment	名	瞬間、ちょっと、しばらく	Just a moment, please.	
710	Monday	名	月曜日	on Monday	
711	money	名	お金	have some money	
712	month	名	（暦）月	last month	
713	moon	名	（天体）月	the light of the moon	
714	more	副	（・・・より）もっと、いっそう	more interesting than …	
715	more	形	（数・量などが）もっと多くの、もっと多い　	More people will come tomorrow.	
716	morning	名	朝、午前中	in the morning	
717	most	副	最も、いちばん	the most important thing in my life	
718	most	形	たいていの、大部分の、最も多くの	Most people like his songs.	
719	mother	名	母、母親	become a mother	
720	mountain	名	山	at the top of the mountain	
721	mouth	名	口	open my mouth	
722	move	動	動く、移動する、・・・を動かす、移動させる	move the chair	
723	movie	名	映画	go to see a movie	
724	Mr.	名	～さん、～先生（男性に対する敬称）	Mr. Green / Mr. Kato	
725	Ms.	名	～さん、～先生（女性に対する敬称）	Ms. White / Ms. Hara	
726	much	形	(数えられない名詞の前で）たくさんの 《活用》more-most	don't have much rain	
727	much	副	とても 《活用》more-most	I like sports very much.	
728	museum	名	博物館、美術館	visit the museum	
729	music	名	音楽、曲	listen to music	
730	musician	名	音楽家、ミュージシャン	a famous musician	
731	must	助	（義務）・・・しなければならない	You must do the work.	
732	my	代	私の	my school	
733	name	名	名前	call his name	
734	name	動	・・・に（～と）名前をつける	name the cat Mike	
735	nation	名	国・国家	small nations	
736	national	形	国の・国家の	the national flower	
737	native	形	母語の、母語を話す	a native speaker of English	
738	natural	形	自然の	the natural world	
739	nature	名	自然	the beauties of nature	
740	near	前	・・・の近くに（で・の）	near the station	
741	necessary	形	必要な	necessary things 	
742	need	動	・・・を必要とする	need some help	
743	need	名	必要、必要性	need for help	
744	neighbor	名	隣人、近所の人	a neighbor's house	
745	neighborhood	名	近所、近隣、付近	in this neighborhood	
746	nervous	形	不安な、緊張する、あがる	get nervous	
747	never	副	これまで一度も・・・ない、決して・・・ない	I have never been to Okinawa.	
748	new	形	新しい	a new teacher	
749	New York 	名	ニューヨーク	go to New York	
750	news	名	ニュース、知らせ	good news	
751	newspaper	名	新聞	a morning newspaper	
752	next	形	次の	next Sunday	
753	next	副	次に	What will happen next?	
754	nice	形	良い、楽しい、親切な	a nice boy	
755	night	名	夜	last night	
756	nine	名・形	９（の）	nine players	
757	nineteen	名・形	１９（の）	I'm nineteen years old.	
758	nineteenth	名・形	１９番め（の）	in the nineteenth century	
759	ninety	名・形	９０（の）	ninety books	
760	ninth	名・形	９番め（の）	on the ninth floor	
761	no	副	いいえ	No, I don't.	
762	no	形	少しの（ひとつの・ひとりの）～も・・・ない	No one can answer it.	
763	No.	名	・・・番	No. 1	
764	noise	名	音・騒音・雑音	hear a noise	
765	noisy	形	やかましい、騒々しい、大きな音をたてる	a noisy car	
766	noon	名	正午、真昼	at noon	
767	normal	形	普通の、標準の	the normal temperature	
768	north	名	北	A cold wind blows from the north.	
769	northern	形	北の、北からの	a northern wind 	
770	nose	名	鼻	my nose	
771	not	副	・・・でない	don't have a car / not free	
772	note	名	メモ	take notes	
773	notebook	名	ノート・短い手紙	buy a new notebook	
774	nothing	代	（単数扱い）何も・・・ない	There is nothing to do.	
775	notice	動	・・・に気付く、わかる	notice a mistake	
776	November	名	１１月	in November	
777	now	副	今、さて	do it now	
778	number	名	数、数字、番号	the number of …	
779	nurse	名	看護師	become a nurse	
780	ocean	名	海、海洋	swim in the ocean	
781	o'clock	名	時間、時	at five o'clock	
782	October	名	１０月	I was born in October.	
783	of	前	①（帰属）…の ②（同格）～という・・・ ③（部分）～の中の・・・ 	①the name of the singer ②the town of Shibuya  ③one of my friends	
784	off	副	（くっついた状態から離れた状態への変化を表して）離れて、離されて、隔たって	Take off your jacket.	
785	office	名	会社、事務所、オフィス	work in an office 	
786	officer	名	事務員、係員	a police officer	
787	official	形	公式の	an official event	
788	often	副	しばしば	often go there	
789	oh	間	おお！、ああ！	Oh, dear!　/　Oh, my!	
790	oil	名	油、石油	use vegetable oil	
791	OK	形・間	大丈夫な、わかりました、それでは	Are you OK?	
792	old	形	①古い、年をとった　②・・・歳の	①an old temple　②I'm 14 years old.	
793	on	前	①（時・日）…に ②（場所）…の上に、…に（接触） ③（状態）…中で ④～について	①on Sunday  ②on the table / on the wall  ③on the way to school ④some information on the animals	
794	once	副	一度、一回、かつて	I once met your mother.	
795	one	名・形	１（の）	in one minute	
796	one	形	ある・・・	one day in September	
797	one	代	１つ、もの（名詞の繰り返しを避けるときに使う）	Which do you like better, this cap or that one?	
798	only	形	唯一の、・・・だけ	He is the only student in the room.	
799	only	副	（たった）・・・だけ、（ほんの）・・・だけ	only a few years ago	
800	open	動	…を開ける、開く	open the door	
801	open	形	開いた	Every window was open.	
802	opinion	名	意見	talk about my opinion	
803	opposite	形	反対の、反対側の	the opposite side of the road	
804	or	接	・・・かもしくは	you or I	
805	orange	名	オレンジ	eat an orange 	
806	orange	名・形	オレンジ色（の）	bright orange	
807	order	名	順番、命令、注文	in that order / He gave us that order. / May I take your order?	
808	order	動	(～に)・・・するよう命令する（to ・・・）	order him to do his job 	
809	other	形	ほかの	other questions	
810	our	代	私たちの	our English teacher	
811	ours	代	私たちのもの	bigger than ours	
812	out	副	外に（で）	get out of a car	
813	outside	前	・・・の外に（で）	outside the house	
814	over	前	①…の上の方 ②… じゅう、・・・のいたるところに、③・・・以上に、・・・より多く	①over the bridge ②all over the world ③for over 300 years	
815	over	副	済んで、終わって	The game is over.	
816	overseas	形	海外の、外国の	an overseas student	
817	overseas	副	海外へ、外国へ	go overseas	
818	own	形	自身の	his own bike	
819	P.E. (PE)	名	（physical educationの略）体育	I like PE.	
820	p.m.	副	午後	at 6:30 p.m.	
821	paint	動	（絵や文字など）を描く	paint a picture	
822	painting	名	絵画	a beautiful painting	
823	pair	名	（２つ１組になっているもの）の１対、１組	a pair of shoes	
824	paper	名	紙	a piece of paper	
825	pardon	動	（人・失礼な行為など）を許す	Pardon me.	
826	parent	名	親	my parents	
827	park	名	公園	play in a park	
828	part	名	①役割　②部分	①play a part  ②a part of the story	
829	party	名	パーティー	enjoy a party	
830	pass	動	通る、通り過ぎる、（時間が）過ぎる	pass through a room	
831	passage	名	(文章などの）一節	read the passage	
832	passport	名	パスポート	get a passport	
833	past	名	過去	experiences of the past	
834	patient	名	患者	take care of the patients	
835	pay	動	（お金）を支払う　 《活用》paid-paid	pay a lot of money	
836	peace	名	平和	bring peace to the world	
837	pen	名	ペン	write with a pen	
838	pencil	名	えんぴつ	use my pencil	
839	people	名	人々、国民	Japanese people	
840	percent	名	パーセント	50 percent	
841	perfect	形	完全な、申し分ない	Your answer is perfect.	
842	perhaps	副	おそらく	Perhaps he will come.	
843	person	名	人、個人	a kind person	
844	personal	形	個人的な	a personal computer	
845	pet	名	ペット	have a pet	
846	phone	名	電話	Can I use this phone?	
847	photo	名	写真	take a photo	
848	photographer	名	写真家、カメラマン	want to be a photographer	
849	phrase	名	表現、フレーズ	use the phrase	
850	pianist	名	ピアニスト	a good pianist	
851	piano	名	ピアノ	play the piano	
852	pick	動	・・・を取り上げる、摘む	pick … up	
853	picture	名	絵、写真	take a picture	
854	piece	名	１個、１つ、一枚、一片（a piece of ・・・）	a piece of paper / a piece of cake	
855	place	名	場所	in this place	
856	plan	名	計画、プラン	have some plans	
857	plan	動	（行動など）の計画（予定）を立てる	plan our party	
858	plane	名	飛行機	on a plane	
859	plant	名	植物、草花	animals and plants	
860	plastic	形	プラスチック製の、ビニール製の	a plastic bag	
861	play	動	遊ぶ、（楽器）を演奏する、（スポーツ）をする	play tennis	
862	player	名	選手、演奏者	a violin player	
863	please	間	どうぞ、どうか	Please come in.	
864	point	名	ポイント・点、要点、考え	the most difficult point / That's my point.	
865	point	動	指さす	point to the sun	
866	police	名	警察	the New York police	
867	poor	形	貧しい、かわいそうな	a poor little boy	
868	popular	形	人気のある	a popular musician	
869	possible	形	可能な	It is possible to …	
870	post office	名	郵便局	go to the post office	
871	postcard	名	はがき	send a postcard	
872	power	名	力、動力、電力	wind power	
873	practice	動	・・・を練習する	practice tennis	
874	prepare	動	・・・を準備する	prepare breakfast	
875	present	名	贈り物、プレゼント	a birthday present from her	
876	pretty	形	かわいい	a pretty doll	
877	price	名	価格、値段	complain about high prices	
878	probably	副	おそらく	It will probably rain soon.	
879	problem	名	問題、トラブル	a big problem	
880	produce	動	・・・を生み出す、産出する	produce enough food	
881	program	名	計画、（テレビやラジオの）番組	a TV program	
882	promise	名	約束	break our promise	
883	protect	動	・・・を保護する、守る	protect the environment	
884	purpose	名	目的	the purpose of the plan	
885	push	動	・・・を押す	push the door	
886	put	動	・・・を置く　《活用》put-put	put the coin on the desk	
887	question	名	質問、疑問、問題	answer the question	
888	quick	形	速い、すばやい、短時間内の	a quick answer	
889	quickly	副	速く、急いで、すばやく	move quickly	
890	quiet	形	静かな	a quiet place	
891	quietly	副	静かに	open the door quietly	
892	quite	副	全く、すっかり、完全に	It was quite dark.	
893	quiz	名	クイズ、試験	give the students a quiz in math class	
894	racket	名	（テニスや卓球の）ラケット	buy a new racket	
895	radio	名	ラジオ	listen to the radio	
896	rain	名	雨	stand in the rain	
897	rain	動	雨が降る	It began to rain. / It rained yesterday.	
898	rainy	形	雨の	a rainy day	
899	raise	動	・・・を上昇させる、上げる	raise my hand	
900	reach	動	・・・に到着する、到達する	reach the station	
901	read	動	・・・を読む　《活用》read-read（発音注意）	read a book	
902	ready	形	用意のできた	Are you ready?	
903	real	形	本当の	the real reason	
904	really	副	①本当に、とても　②（相手の発言に対して）本当ですか	①really interesting　②Oh, really?	
905	reason	名	理由	the real reason for …	
906	receive	動	・・・を受け取る	receive a letter	
907	recently	副	最近、近ごろ	I got a letter from her recently.	
908	recycle	動	・・・を再利用する	recycle newspapers	
909	red	名・形	赤（の）、赤色（の）	buy a red bag	
910	reduce	動	・・・を減らす	reduce waste of food	
911	refer to		・・・を示す、表す	The word refers to …	
912	refuse	動	・・・を断る	refuse his help	
913	regular	形	規則的な、規則正しい、いつもの	have regular meetings	
914	relax	動	・・・の緊張をほぐす、くつろぐ	relax and enjoy the movie	
915	remember	動	・・・を思い出す、覚えている	remember her name	
916	remove	動	・・・を取り除く	remove the books from the desk	
917	repair	動	・・・を直す、修繕する	repair the shoes	
918	report	名	報告、レポート	write a report about ...	
919	report	動	・・・を報告する	report the accident to us	
920	research	名	研究、調査	interesting research	
921	respect	名	尊敬	have a great respect for human life	
922	respect	動	・・・を尊敬する	respect her for her hard work	
923	respond	動	反応する、応答する	respond to the question	
924	responsible	形	責任のある	be responsible for the job	
925	rest	動	休憩する	rest for half an hour	
926	restaurant	名	レストラン、料理店	a French restaurant	
927	return	動	戻る、帰る	return home from school	
928	reuse	動	・・・を再利用する	reuse my brother's desk	
929	rice	名	米、ごはん	eat rice every day	
930	rich	形	金持ちの、豊かな	a rich person	
931	ride	動	・・・に乗る　　《活用》rode-ridden	ride a horse	
932	right	名	①右 ②権利	①on your right　②human rights	
933	right	形	①正しい ②右の	①the right answer　②the right side of the road	
934	river	名	川、河川	along the river	
935	road	名	道路、道	the road to Kyoto	
936	rock	名	岩、岩石	a large rock	
937	roof	名	屋根　《複数》roofs	on the roof	
938	room	名	部屋	a small room	
939	round	形	丸い、円形の	a round table	
940	rule	名	規則	break a rule	
941	run	動	走る　《活用》ran-run	run in a park	
942	sad	形	悲しい	look sad	
943	safe	形	安全な	a safe place	
944	same	形	同じ、同様の	We were born in the same hospital.	
945	Saturday	名	土曜日	on Saturday	
946	save	動	・・・を救う、助ける、（お金）をためる	save his life	
947	say	動	・・・と言う　《活用》said-said	say "Hello"	
948	scene	名	景色、光景	enjoy a beautiful scene	
949	school	名	学校	go to school	
950	science	名	科学	I study science.	
951	scientist	名	科学者	a great scientist	
952	sea	名	海	go to the sea	
953	season	名	季節	the four seasons	
954	seat	名	座席、いす	take a seat	
955	second	名・形	２番め（の）	on the second floor	
956	see	動	・・・を見る、・・・に会う、・・・が分かる　《活用》saw-seen	see my teacher	
957	sell	動	・・・を売る  《活用》sold-sold	sell our house	
958	send	動	・・・を送る　《活用》sent-sent	send a letter to her	
959	sense	名	感覚、意味	make sense（話・文などが）意味をなす・意味が通る	
960	sentence	名	文	a long sentence	
961	September	名	９月	in September	
962	serious	形	重大な、深刻な、本気の	a serious problem	
963	serve	動	（食事）を出す、給仕する	Breakfast is served here.	
964	set	動	・・・を置く、並べる、（食卓）の準備をする  《活用》set-set	set the table for dinner	
965	seven	名・形	７（の）	at seven o'clock	
966	seventeen	名・形	１７（の）	I'm seventeen years old.	
967	seventh	名・形	７番め（の）	on the seventh floor	
968	seventy	名・形	７０（の）	at the age of seventy	
969	several	形	いくつかの、いくらかの、数人（個）の	stay here for several days	
970	shall	助	（提案、申し出で疑問文）・・・しましょうか	Shall we …?	
971	shape	名	形	a different shape	
972	share	動	・・・を共有する、分かち合う	share this room with …	
973	she	代	彼女は、彼女が	She is a junior high school student.	
974	ship	名	船	get on a ship	
975	shirt	名	シャツ	wear a shirt	
976	shock	動	・・・に衝撃を与える、ショックを与える	The news shocked her.	
977	shoe	名	（通例 ～s) 靴	wear shoes	
978	shop	名	店	a flower shop	
979	shop	動	買い物をする	shop at the convenience store	
980	short	形	短い、短時間の	for a short time	
981	should	助	（義務）・・・すべきである	You should go now.	
982	show	動	(～に）・・・を見せる、示す 《活用》showed-shown	show her my picture / show her how to draw a picture	
983	shrine	名	神社	visit the shrine	
984	shy	形	内気な、恥ずかしがりの	He is very shy.	
985	sick	形	病気の	She is sick.	
986	side	名	側、面	a dark side of the history	
987	sightseeing	名	観光、見物	go sightseeing in Kyoto	
988	sign	名	標識、身振り・合図	a street sign	
989	similar	形	よく似た	be similar to …	
990	simple	形	単純な、わかりやすい	a simple question	
991	since	前	・・・以来、・・・から	since yesterday	
992	since	接	・・・以来、・・・から	since I saw him last year	
993	sing	動	歌う、・・・を歌う 《活用》sang-sung	sing a song	
994	singer	名	歌手	a famous singer	
995	sister	名	姉妹、姉、妹	brothers and sisters	
996	sit	動	すわる　《活用》sat-sat	sit on a chair	
997	situation	名	状況、立場	in a dangerous situation	
998	six	名・形	６（の）	at six o'clock	
999	sixteen	名・形	１６（の）	at the age of sixteen	
1000	sixteenth	名・形	１６番め（の）	in the sixteenth century	
1001	sixth	名・形	６番め（の）	on the sixth floor	
1002	sixty	名・形	６０（の）	He is sixty years old.	
1003	size	名	大きさ	the size of a desk	
1004	skate	動	スケートをする	Do you skate often?	
1005	ski	動	スキーをする	I often ski in winter.	
1006	skill	名	技術	an important skill	
1007	sky	名	空	the blue sky	
1008	sleep	動	眠る 《活用》slept-slept	sleep well	
1009	sleepy	形	眠い、眠そうな	feel sleepy	
1010	slowly	副	ゆっくりと	drive slowly	
1011	small	形	小さい	a small desk	
1012	smile	動	ほほえむ、にっこりする	smile at the boy	
1013	smile	名	ほほえみ、笑顔	a big smile on her face	
1014	snow	名・動	雪、雪が降る	We had a lot of snow. / It snowed a lot.	
1015	snowy	形	雪の降る	a snowy day	
1016	so	副	①そんなに　②そのように（前述のことばをさす）	①so happy 　② I think so.	
1017	so	接	だから、それで	It was raining, so I didn't go out.	
1018	soccer	名	サッカー	play soccer	
1019	soft	形	柔らかい	a soft sweater	
1020	solve	動	・・・を解決する	solve the problem	
1021	some	形・代	いくつかの、ある・・・、何人か、いくつか	some cars / some of them	
1022	someday	副	いつか、そのうち	go to Australia someday	
1023	someone	代	誰か	ask someone	
1024	something	代	何か、ある物（事）	something to drink	
1025	sometimes	副	ときどき	sometimes play tennis	
1026	son	名	息子	my son	
1027	song	名	歌	listen to a song	
1028	soon	副	もうすぐ、まもなく	come back soon	
1029	sorry	形	（・・・して）申し訳なく思って、（・・・して）かわいそうな(that・・・)	be sorry for her / I'm sorry that you couldn't come yesterday.	○
1030	sound	名	音	a beautiful sound	
1031	sound	動	・・・のように聞こえる	sound good	
1032	south	名	南、南部	in the south of …	
1033	space	名	宇宙、空間	live in space	
1034	speak	動	・・・を話す、・・・と話をする（to ・・・）　《活用》spoke-spoken	speak Japanese	
1035	special	形	特別の、特殊な	a special skill	
1036	speech	名	演説、講演、スピーチ	make a speech	
1037	spend	動	（金や時間）を費やす、（時間）を過ごす 《活用》spent-spent	spend a lot of money / spend a week	
1038	sport	名	スポーツ	play sports	
1039	spring	名	春	in spring	
1040	stadium	名	競技場、スタジアム	go to the stadium 	
1041	stage	名	舞台、ステージ	dance on the stage	
1042	stand	動	立つ、立ち上がる　《活用》stood-stood	stand by a door	
1043	star	名	星、（芸能の）スター	under the stars / a popular star	
1044	start	動	・・・を始める、・・・をし始める（to・・・、・・・ing)、 始まる	start to work	
1045	station	名	駅	go to the station	
1046	stay	動	とどまる、滞在する、宿泊する	stay at a hotel	
1047	stay	名	滞在	during my stay in London	
1048	step	名	一歩、ステップ	the next step	
1049	still	副	まだ、今でも	still remember it	
1050	stone	名	石	throw a stone	
1051	stop	動	止まる、・・・を止める・やめる、・・・するのをやめる（・・・ing）	stop talking	
1052	store	名	店	a toy store	
1053	story	名	話、物語	an interesting story	
1054	straight	形	まっすぐな	a straight line	
1055	straight	副	まっすぐに	go straight	
1056	strange	形	奇妙な、不思議な、未知の	a strange story	
1057	street	名	（街の）通り、街路	walk along the street	
1058	strong	形	（力が）強い、じょうぶな	a strong body	
1059	student	名	生徒、学生	a junior high school student	
1060	study	動	・・・を勉強する	study English	
1061	style	名	（服装などの）スタイル、（流行の）型	a Japanese style	
1062	subject	名	教科、話題	my favorite subject / change the subject 	
1063	such	形	そのような、そんな、あんな	such a book	
1064	suddenly	副	突然	Suddenly, the door opened.	
1065	suffer	動	・・・を患う（from）、・・・のために苦しむ	suffer from a headache	
1066	sugar	名	砂糖	pass the sugar	
1067	summer	名	夏	in summer	
1068	sun	名	太陽	under the sun	
1069	Sunday	名	日曜日	on Sunday	
1070	sunny	形	日の照っている、晴れ渡った	on a sunny day	
1071	supermarket	名	スーパーマーケット	go to the supermarket	
1072	support	動	・・・を支持する、支援する、支える	support his family	
1073	sure	副	（返事で）もちろん	"Can I come in?"  "Sure."	
1074	sure	形	（・・・を）確信して(that・・・)	I'm sure that you will win the game.	○
1075	surprised	形	驚いた、（・・・して）驚く（to・・・）、（・・・に）驚く（at・・・）　	be surprised to hear the news / be surprised at the news	
1076	survive	動	生き残る	Only two people survived.	
1077	sweater	名	セーター	wear the sweater	
1078	sweet	形	甘い	a sweet apple	
1079	swim	動	泳ぐ　《活用》swam-swum	swim in the sea	
1080	symbol	名	象徴、シンボル	a symbol of peace	
1081	system	名	装置、方式、システム	introduce a new system	
1082	table	名	テーブル	sit around a table	
1083	table tennis	名	卓球	play table tennis	
1084	take	動	①（時間などが）かかる、②・・・を持っていく、連れて行く、③・・・を買う・選ぶ、④（乗り物に）乗る、⑤（写真）をとる 《活用》took-taken	①take time ②take him to … ③I'll take it. ④take a bus ⑤take a picture	
1085	talk	動	話す	talk about music	
1086	tall	形	①高い　②身長（高さ）が・・・で	①a tall building 　②The child is one meter tall.	
1087	taste	名	味	a strange taste	
1088	taste	動	・・・な味がする	taste delicious	
1089	taxi	名	タクシー	take a taxi	
1090	tea	名	茶・紅茶	a cup of tea	
1091	teach	動	（～に）・・・を教える  《活用》taught-taught	teach them English / teach them how to use the computer	
1092	teacher	名	先生、教師	She is our teacher.	
1093	team	名	チーム	join the baseball team	
1094	technology	名	科学技術	new technology	
1095	tell	動	①（～に）・・・を言う、教える  ②（～に）・・・するように言う（to ・・・） 《活用》told-told 	①tell him the story 　②tell him to do his homework	
1096	temperature	名	温度、気温	the temperature in Osaka	
1097	temple	名	寺	an old temple	
1098	ten	名・形	１０（の）	There are ten students in the room.	
1099	tennis	名	テニス	play tennis	
1100	tenth	名・形	１０番め（の）	live on the tenth floor	
1101	terrible	形	恐ろしい、ひどい	The news is so terrible.	
1102	test	名	試験	give the students a test in math class	
1103	textbook	名	教科書	read the textbook	
1104	than	接	・・・よりも	older than …	
1105	thank	動	・・・に感謝する	Thank you for your letter.	
1106	that	代・形	あれは（が）、あれを（に）、あの・・・ 《複数》those	That is my book. / That book is mine.	
1107	that	関・代	・・・する（である）＜人・もの＞【主格】	a shop that sells a lot of CDs	
1108	that	関・代	～が・・・する＜人・もの＞【目的格】	the book that he wrote	
1109	the	冠	その・・・	the book / the temple	
1110	theater	名	劇場	go to the theater	
1111	their	代	彼らの・彼女らの、それらの	clean their rooms	
1112	theirs	代	彼らのもの・彼女らのもの、それらのもの	The house is theirs.	
1113	them	代	彼らを（に）・彼女らを（に）、それらを（に）	I told them the story.	
1114	then	副	その時・その（あの）頃・当時、それから、そうすると	Just then it began to rain.	
1115	then	名	その時	since then	
1116	there	副	そこに（へ、で）	There is a book on the desk. / go there	
1117	these	代・形	これらは（が）、これらを（に）、これらの	These are my books. / These books are mine.	
1118	they	代	彼らは（が）・彼女らは（が）、それらは（が）	They live in Osaka.	
1119	thing	名	もの	an interesting thing	
1120	think	動	思う、考える  《活用》 thought-thought	I think that …	
1121	third	名・形	３番め（の）	on the third floor	
1122	thirsty	形	のどが渇いた	feel thirsty	
1123	thirteen	名・形	１３（の）	He is thirteen years old.	
1124	thirteenth	名・形	１３番め（の）	the thirteenth street	
1125	thirtieth	名・形	３０番め（の）	his thirtieth birthday	
1126	thirty	名・形	３０（の）	She is thirty years old.	
1127	this	代・形	これは（が）、これを（に）、この・・・  《複数》these	Is this your book? / Is this book yours?	
1128	those	代・形	あれらは（が）・それらは（が）、あれらを（に）・それらを（に）、あれらの・それらの	Are those your books? / Are those books yours?	
1129	though	接	・・・だけれども、・・・にもかかわらず	We went out, though it began to rain.	
1130	thought	名	考え	my thought	
1131	thousand	名・形	1,000（の）	three thousand people	
1132	three	名・形	３（の）	three children	
1133	through	前	①・・・を通って　②（手段）・・・を通じて	①drive through the town 　②through the Internet	
1134	throw	動	・・・を投げる  《活用》threw-thrown	throw a ball to her	
1135	Thursday	名	木曜日	on Thursday	
1136	ticket	名	切符、チケット	buy a ticket to Tokyo	
1137	tiger	名	トラ	see a big tiger	
1138	time	名	①時間・時刻　②回　③（複数形で）時代	①have a good time　②several times　③in old times	
1139	tired	形	疲れた	I'm very tired.	
1140	title	名	題名、タイトル	the title of the movie	
1141	to	前	（方向・到達点）・・・へ・まで	to the station	
1142	today	名・副	今日（は）・本日（は）、現代では、	How are you today?	
1143	together	副	一緒に	Let's go swimming together.	
1144	tomorrow	名・副	明日（は）	It will rain tomorrow.	
1145	tonight	名・副	今晩（は）	I'll stay at home tonight.	
1146	too	副	①・・・もまた　②あまりに・・・すぎる	①Me, too.  ②I'm too tired to walk.	
1147	tooth	名	歯  《複数》teeth	lose a tooth	
1148	toothache	名	歯痛	have a toothache	
1149	top	名	頂上、てっぺん	the top of the mountain	
1150	topic	名	話題・トピック、主題・テーマ	change the topic	
1151	total	名・形	総計（の）、全体（の）、全部（の）	a total number	
1152	touch	動	さわる	Don't touch the picture.	
1153	tour	名	（観光）旅行	a bus tour	
1154	town	名	町	I was born in a small town.	
1155	toy	名	おもちゃ	play with toys	
1156	tradition	名	伝統	have a long tradition	
1157	traditional	形	伝統的な	traditional Japanese music	
1158	train	名	電車	on a train	
1159	trash	名	ゴミ・クズ	pick up trash	
1160	travel	名	旅行	space travel	
1161	travel	動	旅行する	travel abroad	
1162	tree	名	木	cut down the trees	
1163	trip	名	旅行	my trip to New York	
1164	trouble	名	困ること、迷惑	have a lot of trouble	
1165	true	形	本当の、真実の	a true story	
1166	try	動	試す、・・・しようとする（to ・・・）	try to open the door	
1167	T-shirt	名	Tシャツ	buy a blue T-shirt	
1168	Tuesday	名	火曜日	on Tuesday	
1169	turn	動	①（右や左に）曲がる、（方向を）変える　②回す	①Turn left.　②turn the key	
1170	TV	名	テレビ	watch TV	
1171	twelfth	名・形	１２番め（の）	December is the twelfth month of the year.	
1172	twelve	名・形	１２（の）	for twelve hours 	
1173	twentieth	名・形	２０番め（の）	in the twentieth century	
1174	twenty	名・形	２０（の）	for twenty minutes	
1175	twice	副	２度・２回	I have visited Osaka twice.	
1176	two	名・形	２（の）	two apples on the table	
1177	type	名	型、タイプ	this type of bike	
1178	U.K.	名	英国、連合王国	visit the U.K.	
1179	U.S.	名	アメリカ合衆国	live in the U.S.	
1180	umbrella	名	かさ	take an umbrella	
1181	uncle	名	おじ	my uncle living in Hokkaido	
1182	under	前	・・・の下に	under the bed	
1183	understand	動	・・・を理解する　《活用》understood-understood	understand Japanese	
1184	underline	動	・・・に下線を引く	underline the word	
1185	uniform	名	制服、ユニフォーム	wear a school uniform	
1186	United States	名	アメリカ合衆国	go to the United States	
1187	university	名	（四年制の）大学	go to university	
1188	until	前	・・・まで	until 11:00 p.m.	
1189	until	接	・・・するまで（ずっと）	until he finished his homework	
1190	up	副	①上へ、上がって　②起きて、立って　③（人が）成長して	①look up  ②get up  ③grow up	
1191	us	代	私たちを（に）	tell us an interesting story	
1192	use	動	…を使う	use his dictionary	
1193	useful	形	便利な、役に立つ	useful advice	
1194	usually	副	普通、たいてい	usually get up at seven	
1195	vacation	名	休暇	during the vacation	
1196	various	形	さまざまな、いろいろな	in various ways	
1197	vegetable	名	野菜	grow vegetables	
1198	very	副	とても、非常に	very happy	
1199	video	名	ビデオ	watch a video	
1200	view	名	①眺め、見晴し　②意見、考え、見方	①the view from the window　②our view of nature	
1201	village	名	村	visit the village	
1202	violin	名	バイオリン	play the violin	
1203	visit	動	・・・を訪ねる、・・・を訪れる	visit London	
1204	visitor	名	訪問者、観光客	a visitor from Australia	
1205	voice	名	声、話す声	in a loud voice	
1206	volleyball	名	バレーボール	play volleyball	
1207	volunteer	名	ボランティア	volunteers to help children	
1208	wait	動	待つ	wait for her	
1209	wake	動	起きる、・・・を起こす	wake up	
1210	walk	動	歩く	walk into the room	
1211	walk	名	散歩	take a walk	
1212	wall	名	壁	a picture on the wall	
1213	want	動	・・・が欲しい、・・・したいと思う（to ・・・）	want to know his address	
1214	war	名	戦争	during the war	
1215	warm	形	暖かい	warm weather	
1216	wash	動	・・・を洗う、洗濯する	wash my hands	
1217	waste	名	浪費、無駄使い	a waste of time	
1218	waste	動	・・・を浪費する・無駄に使う	Don't waste time.	
1219	watch	名	腕時計	get a new watch	
1220	watch	動	・・・を見る	watch TV	
1221	water	名	水	drink a lot of water	
1222	wave	名	波	a big wave	
1223	wave	動	（手などを）振る	wave my hands	
1224	way	名	①（～への）道のり　②方法　③点（観点）	①the way to the station　②the best way　③in many ways	
1225	we	代	私たちは（が）	Can we go and see a movie?	
1226	weak	形	弱い	a weak voice	
1227	wear	動	・・・を着ている、身に付けている、はいている・かぶっている 《活用》wore-worn	wear the black jacket	
1228	weather	名	天気	good weather	
1229	Wednesday	名	水曜日	on Wednesday	
1230	week	名	週、１週間	last week	
1231	weekend	名	週末	this weekend	
1232	welcome	形	歓迎される、喜んで迎えられる	You are welcome.	
1233	welcome	間	ようこそ、いらっしゃい	Welcome to our party.	
1234	well	形	健康な 《活用》better-best	feel very well	
1235	well	副	上手に 《活用》better-best	play the piano very well	
1236	well	間	ええっと	Well, …	
1237	were	動	①areの過去形 ②（仮定法で）be動詞の過去形	①You were very kind. ②If I were you, I would ask him for help.	○
1238	west	名	西、西部	in the west of France	
1239	western	形	①西の　②西洋・欧米の（Western）	①in the western sky　②the Western culture	
1240	what	疑・代	何	What's this?	
1241	what	形	①（疑問文で）何の、どんな　②（感嘆文で）なんと	①What color do you like? ②What a big tree!	○
1242	when	疑・副	いつ	When did you arrive here?	
1243	when	接	（・・・）する時に、（・・・）すると	He came back when I was watching TV.	
1244	where	疑・副	どこに（で）、どこへ	Where are you going?	
1245	which	疑・代	どちら、どれ	Which is your book, this one or that one?	
1246	which	疑・形	どちらの、どの	Which bus goes to Osaka?	
1247	which	関・代	・・・である（する）ところの	This is a book which she wrote.	
1248	white	名・形	白（の）、白色（の）	white snow	
1249	who	疑・代	だれ	Who is that man?	
1250	who	関・代	・・・である（する）ところの	She is the woman who gave me the book.	
1251	whose	疑・代	だれの	Whose house is this?	
1252	why	疑・副	なぜ、どうして	Why did you come here?	
1253	wide	形	（幅が）広い	a wide road	
1254	wife	名	妻	his wife	
1255	wild	形	野生の	wild animals	
1256	will	助	・・・するつもりだ、しようと思う、・・・でしょう	I will show you an example.	
1257	win	動	・・・に勝つ、勝ち取る  《活用》won-won	win a game	
1258	wind	名	風	a strong wind	
1259	window	名	窓	open the window	
1260	windy	形	風の強い、風のある	a windy day	
1261	winter	名	冬	in winter	
1262	wish	名	願い	make a wish / best wishes	
1263	wish	動	①・・・したいと思う（to ・・・）　②（仮定法で）・・・であればいいのに	①I wish to travel abroad. ②I wish I knew my cat's feelings.	○
1264	with	前	①・・・と一緒に ②・・・で、・・・を使って ③・・・のある、・・・を身に付けて・所持して	①come with us②with your finger③a boy with a camera	
1265	without	前	・・・なしで	without any money / without sleeping	
1266	woman	名	女の人、女性  《複数》women（発音注意）	She is the woman who wrote the story.	
1267	wonderful	形	すばらしい、すてきな、見事な	have a wonderful time	
1268	wood	名	木、木材	a piece of wood	
1269	word	名	単語、語、ことば	the meaning of the word	
1270	work	名	仕事、作業、労働	talk about my work	
1271	work	動	仕事をする、働く、活動する	work with many people	
1272	world	名	世界	in the world	
1273	worry	動	心配する	Don't worry.	
1274	would	助	（willの過去形）①・・・（するの）はいかがですか　②・・・していただけませんか	①Would you like ...(to...）? ②Would you …?	○
1275	would	助	③（仮定法で）（もし～なら）・・・だろうに	③If you had 10,000 dollars, what would you do?	
1276	wow	間	うわぁ、わぁ（驚き、喜びなどを表す）	Wow, that's nice.	
1277	write	動	・・・を書く  《活用》wrote-written	write a letter 	
1278	writer	名	作家	a popular writer	
1279	wrong	形	間違った、（・・・の）調子の悪い（with ・・・）	the wrong number / What's wrong with …?	
1280	year	名	年	three years ago	
1281	yellow	名・形	黄色（の）	buy a yellow T-shirt	
1282	yes	副	はい、そうです	Yes, he is.	
1283	yesterday	名・副	昨日（は）	went to see a movie yesterday	
1284	yet	副	（否定文で）まだ	haven't finished the job yet	
1285	you	代	あなた（方）は、あなた（方）を（に）	you and I	
1286	young	形	若い	young people	
1287	your	代	あなた（方）の	Wash your hands.	
1288	yours	代	あなた（方）のもの	It's yours.	
1289	yourself	代	あなた自身（で）	Enjoy yourself. / Did you make it yourself?	
1290	zero	名	ゼロ	write two zeros	
1291	zoo	名	動物園	went to the zoo on Sunday	